ID_PARCELLE;SECTION;NUMERO;FEUILLE;CODE_COMMUNE;CONTENANCE_M2
;AD;0116;1;2B342;1309
;AD;0125;1;2B342;225
;AD;0027;1;2B342;170
;AD;0040;1;2B342;173
;AD;0054;1;2B342;644
;AD;0067;1;2B342;580
;AD;0072;1;2B342;599
;AD;0001;1;2B342;2250
;AD;0100;1;2B342;2433
;AD;0101;1;2B342;1405
;AD;0103;1;2B342;1080
;AD;0105;1;2B342;1520
;AD;0107;1;2B342;752
;AD;0108;1;2B342;150
;AD;0109;1;2B342;40
;AD;0112;1;2B342;719
;AD;0113;1;2B342;160
;AD;0114;1;2B342;258
;AD;0115;1;2B342;54
;AD;0117;1;2B342;552
;AD;0013;1;2B342;1230
;AD;0131;1;2B342;2139
;AD;0133;1;2B342;15078
;AD;0135;1;2B342;13671
;AD;0136;1;2B342;417
;AD;0138;1;2B342;86
;AD;0139;1;2B342;7
;AD;0014;1;2B342;1250
;AD;0140;1;2B342;699
;AD;0015;1;2B342;1150
;AD;0017;1;2B342;334
;AD;0018;1;2B342;1242
;AD;0019;1;2B342;4143
;AD;0020;1;2B342;226
;AD;0021;1;2B342;3277
;AD;0022;1;2B342;1041
;AD;0023;1;2B342;99
;AD;0024;1;2B342;2496
;AD;0025;1;2B342;1018
;AD;0026;1;2B342;9310
;AD;0028;1;2B342;309
;AD;0031;1;2B342;85
;AD;0032;1;2B342;82
;AD;0033;1;2B342;86
;AD;0034;1;2B342;19
;AD;0035;1;2B342;2880
;AD;0036;1;2B342;18142
;AD;0037;1;2B342;362
;AD;0038;1;2B342;97
;AD;0039;1;2B342;571
;AD;0041;1;2B342;81
;AD;0042;1;2B342;85
;AD;0043;1;2B342;332
;AD;0044;1;2B342;342
;AD;0045;1;2B342;3005
;AD;0046;1;2B342;1995
;AD;0048;1;2B342;81
;AD;0049;1;2B342;21
;AD;0050;1;2B342;137
;AD;0051;1;2B342;117
;AD;0052;1;2B342;176
;AD;0053;1;2B342;529
;AD;0055;1;2B342;646
;AD;0056;1;2B342;651
;AD;0057;1;2B342;649
;AD;0058;1;2B342;728
;AD;0059;1;2B342;552
;AD;0006;1;2B342;2380
;AD;0060;1;2B342;584
;AD;0061;1;2B342;501
;AD;0062;1;2B342;545
;AD;0063;1;2B342;518
;AD;0064;1;2B342;527
;AD;0065;1;2B342;572
;AD;0066;1;2B342;504
;AD;0068;1;2B342;566
;AD;0069;1;2B342;570
;AD;0007;1;2B342;2348
;AD;0070;1;2B342;566
;AD;0071;1;2B342;582
;AD;0073;1;2B342;13167
;AD;0074;1;2B342;17142
;AD;0079;1;2B342;1200
;AD;0084;1;2B342;966
;AD;0085;1;2B342;2050
;AD;0086;1;2B342;1414
;AD;0087;1;2B342;1710
;AD;0090;1;2B342;1600
;AD;0092;1;2B342;650
;AD;0094;1;2B342;200
;AD;0097;1;2B342;2370
;AI;0010;1;2B342;4050
;AI;0046;1;2B342;898
;AI;0052;1;2B342;30
;AI;0081;1;2B342;119
;AI;0001;1;2B342;41460
;AI;0101;1;2B342;1286
;AI;0103;1;2B342;3920
;AI;0104;1;2B342;2060
;AI;0107;1;2B342;3701
;AI;0011;1;2B342;46870
;AI;0111;1;2B342;3461
;AI;0113;1;2B342;5720
;AI;0114;1;2B342;3851
;AI;0115;1;2B342;29640
;AI;0116;1;2B342;3500
;AI;0012;1;2B342;33080
;AI;0127;1;2B342;19550
;AI;0128;1;2B342;31473
;AI;0129;1;2B342;68
;AI;0013;1;2B342;53040
;AI;0131;1;2B342;44
;AI;0132;1;2B342;150
;AI;0133;1;2B342;130
;AI;0134;1;2B342;355
;AI;0135;1;2B342;24
;AI;0136;1;2B342;1536
;AI;0138;1;2B342;3790
;AI;0014;1;2B342;1285
;AI;0142;1;2B342;25510
;AI;0144;1;2B342;13945
;AI;0146;1;2B342;5090
;AI;0148;1;2B342;8550
;AI;0015;1;2B342;4570
;AI;0150;1;2B342;253
;AI;0152;1;2B342;14131
;AI;0154;1;2B342;6119
;AI;0156;1;2B342;3203
;AI;0158;1;2B342;2780
;AI;0016;1;2B342;910
;AI;0160;1;2B342;2726
;AI;0162;1;2B342;1499
;AI;0164;1;2B342;1413
;AI;0166;1;2B342;2494
;AI;0168;1;2B342;2810
;AI;0017;1;2B342;87750
;AI;0173;1;2B342;105
;AI;0176;1;2B342;5713
;AI;0178;1;2B342;7263
;AI;0018;1;2B342;125710
;AI;0184;1;2B342;14640
;AI;0186;1;2B342;995
;AI;0187;1;2B342;31760
;AI;0188;1;2B342;31760
;AI;0189;1;2B342;2445
;AI;0019;1;2B342;6030
;AI;0190;1;2B342;1547
;AI;0002;1;2B342;29446
;AI;0020;1;2B342;39590
;AI;0200;1;2B342;4316
;AI;0202;1;2B342;12896
;AI;0203;1;2B342;970
;AI;0204;1;2B342;1200
;AI;0207;1;2B342;1855
;AI;0211;1;2B342;649
;AI;0212;1;2B342;1259
;AI;0213;1;2B342;741
;AI;0214;1;2B342;1500
;AI;0215;1;2B342;2157
;AI;0216;1;2B342;781
;AI;0217;1;2B342;781
;AI;0218;1;2B342;400
;AI;0219;1;2B342;406
;AI;0022;1;2B342;34450
;AI;0220;1;2B342;889
;AI;0221;1;2B342;807
;AI;0222;1;2B342;253
;AI;0223;1;2B342;1944
;AI;0224;1;2B342;2461
;AI;0023;1;2B342;24
;AI;0230;1;2B342;4949
;AI;0231;1;2B342;2000
;AI;0232;1;2B342;2000
;AI;0233;1;2B342;2000
;AI;0234;1;2B342;2000
;AI;0235;1;2B342;4100
;AI;0236;1;2B342;4172
;AI;0237;1;2B342;1549
;AI;0238;1;2B342;1549
;AI;0239;1;2B342;2897
;AI;0024;1;2B342;2420
;AI;0240;1;2B342;6382
;AI;0241;1;2B342;1135
;AI;0242;1;2B342;27
;AI;0243;1;2B342;362
;AI;0244;1;2B342;27
;AI;0245;1;2B342;711
;AI;0246;1;2B342;493
;AI;0247;1;2B342;10000
;AI;0248;1;2B342;30730
;AI;0249;1;2B342;2000
;AI;0025;1;2B342;26096
;AI;0250;1;2B342;359
;AI;0251;1;2B342;1957
;AI;0252;1;2B342;2000
;AI;0253;1;2B342;2244
;AI;0254;1;2B342;2000
;AI;0255;1;2B342;821
;AI;0256;1;2B342;1259
;AI;0026;1;2B342;5954
;AI;0268;1;2B342;2128
;AI;0269;1;2B342;2128
;AI;0027;1;2B342;15990
;AI;0270;1;2B342;2128
;AI;0271;1;2B342;30605
;AI;0272;1;2B342;10000
;AI;0273;1;2B342;21030
;AI;0028;1;2B342;557
;AI;0029;1;2B342;2806
;AI;0003;1;2B342;19394
;AI;0030;1;2B342;1349
;AI;0031;1;2B342;1303
;AI;0032;1;2B342;1267
;AI;0033;1;2B342;1318
;AI;0034;1;2B342;5560
;AI;0035;1;2B342;670
;AI;0036;1;2B342;1950
;AI;0037;1;2B342;2031
;AI;0039;1;2B342;10
;AI;0004;1;2B342;40240
;AI;0041;1;2B342;460
;AI;0043;1;2B342;183
;AI;0044;1;2B342;19210
;AI;0045;1;2B342;14650
;AI;0055;1;2B342;128
;AI;0057;1;2B342;149
;AI;0006;1;2B342;5
;AI;0061;1;2B342;10880
;AI;0062;1;2B342;5830
;AI;0064;1;2B342;42590
;AI;0065;1;2B342;38420
;AI;0066;1;2B342;43310
;AI;0067;1;2B342;42050
;AI;0068;1;2B342;2710
;AI;0072;1;2B342;590
;AI;0073;1;2B342;1920
;AI;0074;1;2B342;12390
;AI;0076;1;2B342;6970
;AI;0008;1;2B342;37820
;AI;0080;1;2B342;910
;AI;0082;1;2B342;1200
;AI;0084;1;2B342;640
;AI;0085;1;2B342;209
;AI;0087;1;2B342;151
;AI;0088;1;2B342;127
;AI;0089;1;2B342;78
;AI;0009;1;2B342;55200
;AI;0092;1;2B342;580
;AI;0094;1;2B342;680
;AI;0095;1;2B342;2060
;AI;0097;1;2B342;5953
;AI;0099;1;2B342;5953
;0A;1129;6;2B342;57
;0A;0168;2;2B342;2060
;0A;0235;3;2B342;170
;0A;0266;4;2B342;56
;0A;0101;2;2B342;264
;0A;1027;6;2B342;3143
;0A;0103;2;2B342;32
;0A;1063;6;2B342;2000
;0A;1070;6;2B342;3503
;0A;1078;4;2B342;12
;0A;1080;4;2B342;3095
;0A;0111;2;2B342;100
;0A;1219;6;2B342;2096
;0A;1220;6;2B342;76
;0A;1223;6;2B342;1148
;0A;1225;6;2B342;1388
;0A;1228;6;2B342;3
;0A;1257;6;2B342;1524
;0A;0128;2;2B342;53
;0A;0131;2;2B342;155
;0A;0136;2;2B342;30
;0A;0170;2;2B342;17524
;0A;0019;1;2B342;22
;0A;0191;2;2B342;9586
;0A;0219;3;2B342;2012
;0A;0226;3;2B342;1201
;0A;0228;3;2B342;560
;0A;0229;3;2B342;1700
;0A;0232;3;2B342;290
;0A;0239;3;2B342;112
;0A;0241;3;2B342;408
;0A;0026;1;2B342;23170
;0A;0027;1;2B342;395
;0A;0277;4;2B342;26
;0A;0306;4;2B342;2175
;0A;0034;1;2B342;7580
;0A;0036;1;2B342;1450
;0A;0040;1;2B342;4849
;0A;0427;6;2B342;3200
;0A;0477;7;2B342;35
;0A;0482;7;2B342;900
;0A;0493;7;2B342;2946
;0A;0502;7;2B342;1825
;0A;0525;8;2B342;13650
;0A;0532;8;2B342;53
;0A;0533;8;2B342;62
;0A;0536;8;2B342;85
;0A;0560;8;2B342;276
;0A;0058;2;2B342;905
;0A;0059;2;2B342;11620
;0A;0006;1;2B342;73005
;0A;0063;2;2B342;391
;0A;0065;2;2B342;1368
;0A;0066;2;2B342;12515
;0A;0674;10;2B342;19
;0A;0680;10;2B342;1475
;0A;0699;10;2B342;755
;0A;0709;2;2B342;25
;0A;0080;2;2B342;173
;0A;0083;2;2B342;133
;0A;0084;2;2B342;19
;0A;0848;5;2B342;69165
;0A;0863;4;2B342;130
;0A;0866;4;2B342;50
;0A;0920;4;2B342;139
;0A;0931;6;2B342;229
;0A;0954;6;2B342;1438
;0A;0096;2;2B342;202
;0A;0097;2;2B342;150
;0A;0098;2;2B342;87
;0A;0001;1;2B342;115716
;0A;0010;1;2B342;34010
;0A;0100;2;2B342;908
;0A;1000;5;2B342;6276
;0A;1001;5;2B342;6276
;0A;1005;6;2B342;76857
;0A;1006;6;2B342;38428
;0A;1007;6;2B342;44835
;0A;1008;4;2B342;2000
;0A;1010;6;2B342;2210
;0A;1016;6;2B342;1000
;0A;1017;6;2B342;2000
;0A;1018;6;2B342;2400
;0A;1019;6;2B342;5455
;0A;1020;6;2B342;5408
;0A;1023;6;2B342;950
;0A;1024;6;2B342;997
;0A;1025;6;2B342;1049
;0A;1026;6;2B342;960
;0A;1029;6;2B342;2734
;0A;1030;6;2B342;163
;0A;1031;6;2B342;2000
;0A;1033;6;2B342;2000
;0A;1036;6;2B342;2592
;0A;0104;2;2B342;123
;0A;0105;2;2B342;101
;0A;1052;4;2B342;60
;0A;1053;4;2B342;2500
;0A;1054;4;2B342;2000
;0A;1056;6;2B342;168
;0A;1057;6;2B342;132
;0A;1058;6;2B342;573
;0A;1059;6;2B342;834
;0A;0106;2;2B342;113
;0A;1060;6;2B342;16
;0A;1061;6;2B342;1259
;0A;1062;6;2B342;17
;0A;1065;6;2B342;2060
;0A;1066;6;2B342;225
;0A;1067;6;2B342;31572
;0A;1068;6;2B342;1775
;0A;1069;6;2B342;32
;0A;0107;2;2B342;73
;0A;1071;6;2B342;2505
;0A;1072;6;2B342;2505
;0A;1073;6;2B342;435
;0A;1074;4;2B342;348
;0A;1075;4;2B342;328
;0A;1076;4;2B342;142
;0A;1077;4;2B342;1154
;0A;1079;4;2B342;558
;0A;0108;2;2B342;60
;0A;1081;4;2B342;2766
;0A;1082;6;2B342;2000
;0A;1083;6;2B342;594
;0A;1084;6;2B342;498
;0A;0109;2;2B342;60
;0A;0011;1;2B342;11860
;0A;0110;2;2B342;80
;0A;1101;6;2B342;18320
;0A;1102;6;2B342;2000
;0A;1103;6;2B342;71725
;0A;1104;6;2B342;2000
;0A;1105;6;2B342;1677
;0A;1107;4;2B342;2611
;0A;1108;4;2B342;828
;0A;1109;4;2B342;4133
;0A;1113;4;2B342;2082
;0A;1114;4;2B342;2082
;0A;1115;4;2B342;2082
;0A;1116;4;2B342;51805
;0A;1117;4;2B342;105352
;0A;1118;4;2B342;49310
;0A;1119;4;2B342;2400
;0A;0112;2;2B342;215
;0A;1120;4;2B342;2400
;0A;1121;6;2B342;3200
;0A;1122;6;2B342;5987
;0A;1124;6;2B342;2667
;0A;1125;6;2B342;2424
;0A;1126;6;2B342;2873
;0A;1127;6;2B342;244
;0A;1128;6;2B342;460
;0A;0113;2;2B342;125
;0A;1130;6;2B342;161
;0A;1131;6;2B342;2290
;0A;1132;6;2B342;3050
;0A;1133;6;2B342;2280
;0A;1134;6;2B342;1620
;0A;1136;6;2B342;2000
;0A;1137;6;2B342;2000
;0A;1138;6;2B342;28923
;0A;0114;2;2B342;317
;0A;1141;6;2B342;99
;0A;1142;6;2B342;2018
;0A;1143;4;2B342;2040
;0A;1144;4;2B342;8596
;0A;1146;6;2B342;2698
;0A;1147;6;2B342;332
;0A;1148;6;2B342;1500
;0A;1149;6;2B342;1500
;0A;0115;2;2B342;188
;0A;1150;6;2B342;5399
;0A;1151;4;2B342;456
;0A;1152;4;2B342;1838
;0A;1156;6;2B342;5029
;0A;1157;6;2B342;2000
;0A;1158;6;2B342;2000
;0A;1159;6;2B342;198
;0A;0116;2;2B342;1149
;0A;1160;6;2B342;5158
;0A;1164;4;2B342;1125
;0A;1166;4;2B342;2228
;0A;1169;4;2B342;48234
;0A;0117;2;2B342;34
;0A;1171;4;2B342;7995
;0A;1175;6;2B342;52873
;0A;1178;6;2B342;144485
;0A;0118;2;2B342;1663
;0A;1180;6;2B342;2721
;0A;1183;6;2B342;2419
;0A;1188;6;2B342;90150
;0A;0119;2;2B342;31
;0A;1190;6;2B342;2982
;0A;1192;6;2B342;3161
;0A;1196;6;2B342;25222
;0A;1198;6;2B342;7341
;0A;1199;6;2B342;173
;0A;0012;1;2B342;8160
;0A;0120;2;2B342;36
;0A;1200;6;2B342;32867
;0A;1202;6;2B342;1173
;0A;1204;4;2B342;13491
;0A;1208;6;2B342;1235
;0A;1209;6;2B342;1462
;0A;0121;2;2B342;58
;0A;1214;6;2B342;19968
;0A;1215;6;2B342;868
;0A;1216;6;2B342;308
;0A;0122;2;2B342;47
;0A;1221;6;2B342;2247
;0A;1222;6;2B342;1720
;0A;1224;6;2B342;311
;0A;1226;6;2B342;2719
;0A;1227;6;2B342;301
;0A;1229;6;2B342;1563
;0A;0123;2;2B342;44
;0A;1231;6;2B342;1331
;0A;1232;6;2B342;387
;0A;1234;6;2B342;1378
;0A;1235;6;2B342;3180
;0A;1236;6;2B342;4895
;0A;1237;6;2B342;57
;0A;1238;6;2B342;282
;0A;0124;2;2B342;45
;0A;1241;4;2B342;2854
;0A;1242;4;2B342;3575
;0A;0125;2;2B342;40
;0A;1256;6;2B342;1524
;0A;1258;6;2B342;1523
;0A;1259;4;2B342;173
;0A;0126;2;2B342;73
;0A;1260;4;2B342;126
;0A;1261;4;2B342;495
;0A;1262;4;2B342;313
;0A;1263;4;2B342;1
;0A;1264;6;2B342;1243
;0A;0127;2;2B342;63
;0A;1271;4;2B342;971
;0A;1272;4;2B342;1198
;0A;1273;4;2B342;93
;0A;1274;4;2B342;330
;0A;1275;4;2B342;94
;0A;1276;4;2B342;4739
;0A;1277;4;2B342;483
;0A;1282;6;2B342;32840
;0A;1283;6;2B342;502
;0A;1284;6;2B342;113570
;0A;1285;6;2B342;2815
;0A;1286;6;2B342;2000
;0A;1287;4;2B342;2013
;0A;1289;4;2B342;1982
;0A;0129;2;2B342;64
;0A;1291;4;2B342;1241
;0A;1292;4;2B342;467
;0A;1294;4;2B342;1380
;0A;1298;6;2B342;761
;0A;1299;6;2B342;629
;0A;0013;1;2B342;921
;0A;0130;2;2B342;68
;0A;1300;6;2B342;952
;0A;1301;6;2B342;199
;0A;1302;4;2B342;1380
;0A;1308;4;2B342;529
;0A;1309;4;2B342;409
;0A;1310;4;2B342;116
;0A;1311;6;2B342;182
;0A;1312;6;2B342;1403
;0A;1313;6;2B342;2066
;0A;1314;6;2B342;435
;0A;1315;6;2B342;40
;0A;1316;6;2B342;164
;0A;1317;6;2B342;980
;0A;1318;6;2B342;22613
;0A;1319;4;2B342;19958
;0A;0132;2;2B342;84
;0A;1324;4;2B342;797
;0A;1325;4;2B342;241
;0A;1326;4;2B342;372
;0A;1327;4;2B342;1114
;0A;1328;4;2B342;378
;0A;1329;4;2B342;16
;0A;0133;2;2B342;195
;0A;1335;6;2B342;1378
;0A;1336;6;2B342;731
;0A;1337;6;2B342;51
;0A;1338;6;2B342;85
;0A;0134;2;2B342;24
;0A;1342;6;2B342;2
;0A;1343;6;2B342;296
;0A;1344;6;2B342;2458
;0A;1345;6;2B342;279
;0A;1346;6;2B342;1390
;0A;1347;6;2B342;1300
;0A;1348;6;2B342;1738
;0A;1349;6;2B342;372
;0A;0135;2;2B342;49
;0A;1350;6;2B342;7436
;0A;1351;6;2B342;2000
;0A;1352;6;2B342;2000
;0A;1360;4;2B342;1607
;0A;1361;4;2B342;477
;0A;1366;4;2B342;1613
;0A;1367;4;2B342;98844
;0A;1368;4;2B342;589
;0A;1369;4;2B342;65
;0A;0137;2;2B342;121
;0A;1370;4;2B342;260
;0A;1371;4;2B342;247
;0A;1372;4;2B342;725
;0A;1373;4;2B342;9265
;0A;0138;2;2B342;316
;0A;1381;4;2B342;209
;0A;1382;4;2B342;19748
;0A;1385;6;2B342;1468
;0A;1386;6;2B342;820
;0A;1387;6;2B342;1007
;0A;1389;6;2B342;555
;0A;0139;2;2B342;1545
;0A;1390;6;2B342;187
;0A;1391;6;2B342;1530
;0A;1392;6;2B342;1877
;0A;1393;6;2B342;378
;0A;0014;1;2B342;61915
;0A;0140;2;2B342;408
;0A;0141;2;2B342;42555
;0A;0142;2;2B342;16883
;0A;0143;2;2B342;172277
;0A;0144;2;2B342;1535
;0A;0145;2;2B342;1872
;0A;0146;2;2B342;2792
;0A;0147;2;2B342;6606
;0A;0148;2;2B342;5175
;0A;0149;2;2B342;38125
;0A;0015;1;2B342;46902
;0A;0150;2;2B342;45770
;0A;0151;2;2B342;3060
;0A;0152;2;2B342;13650
;0A;0153;2;2B342;31430
;0A;0154;2;2B342;39210
;0A;0155;2;2B342;1020
;0A;0156;2;2B342;2317
;0A;0157;2;2B342;17965
;0A;0158;2;2B342;5715
;0A;0159;2;2B342;2957
;0A;0016;1;2B342;62027
;0A;0160;2;2B342;2940
;0A;0161;2;2B342;2160
;0A;0162;2;2B342;48300
;0A;0163;2;2B342;8760
;0A;0164;2;2B342;7676
;0A;0165;2;2B342;9679
;0A;0166;2;2B342;30126
;0A;0167;2;2B342;8310
;0A;0169;2;2B342;18470
;0A;0017;1;2B342;4515
;0A;0171;2;2B342;18146
;0A;0172;2;2B342;5594
;0A;0173;2;2B342;4360
;0A;0174;2;2B342;6788
;0A;0175;2;2B342;4780
;0A;0176;2;2B342;5500
;0A;0177;2;2B342;5579
;0A;0178;2;2B342;3885
;0A;0179;2;2B342;3785
;0A;0018;1;2B342;10983
;0A;0180;2;2B342;6954
;0A;0181;2;2B342;4786
;0A;0182;2;2B342;13945
;0A;0183;2;2B342;2570
;0A;0184;2;2B342;4133
;0A;0185;2;2B342;33230
;0A;0186;2;2B342;1280
;0A;0187;2;2B342;1260
;0A;0188;2;2B342;17237
;0A;0189;2;2B342;26109
;0A;0190;2;2B342;11986
;0A;0192;2;2B342;12332
;0A;0193;2;2B342;12708
;0A;0194;2;2B342;4740
;0A;0195;2;2B342;11970
;0A;0196;2;2B342;5267
;0A;0197;2;2B342;6960
;0A;0198;2;2B342;1200
;0A;0199;2;2B342;26830
;0A;0002;1;2B342;116895
;0A;0020;1;2B342;9594
;0A;0200;2;2B342;31518
;0A;0201;2;2B342;23605
;0A;0202;2;2B342;9105
;0A;0203;2;2B342;12160
;0A;0204;2;2B342;30467
;0A;0205;2;2B342;27990
;0A;0206;2;2B342;17700
;0A;0207;2;2B342;10000
;0A;0208;2;2B342;8801
;0A;0209;2;2B342;11200
;0A;0021;1;2B342;2106
;0A;0210;2;2B342;48225
;0A;0211;3;2B342;1292
;0A;0212;3;2B342;1764
;0A;0213;3;2B342;2518
;0A;0214;3;2B342;2164
;0A;0215;3;2B342;3372
;0A;0216;3;2B342;1860
;0A;0217;3;2B342;2001
;0A;0218;3;2B342;1851
;0A;0022;1;2B342;35
;0A;0220;3;2B342;828
;0A;0221;3;2B342;1106
;0A;0222;3;2B342;616
;0A;0223;3;2B342;821
;0A;0224;3;2B342;1366
;0A;0225;3;2B342;1700
;0A;0227;3;2B342;1047
;0A;0023;1;2B342;8148
;0A;0230;3;2B342;1100
;0A;0231;3;2B342;572
;0A;0233;3;2B342;1061
;0A;0234;3;2B342;416
;0A;0236;3;2B342;2144
;0A;0237;3;2B342;470
;0A;0238;3;2B342;136
;0A;0024;1;2B342;15767
;0A;0240;3;2B342;152
;0A;0242;3;2B342;1357
;0A;0243;3;2B342;330
;0A;0244;3;2B342;297
;0A;0245;3;2B342;320
;0A;0246;3;2B342;397
;0A;0247;3;2B342;615
;0A;0248;3;2B342;2088
;0A;0249;3;2B342;1233
;0A;0025;1;2B342;120
;0A;0250;3;2B342;2510
;0A;0251;3;2B342;4824
;0A;0252;3;2B342;41000
;0A;0253;3;2B342;24373
;0A;0254;3;2B342;26043
;0A;0255;3;2B342;30
;0A;0256;3;2B342;106564
;0A;0258;4;2B342;6199
;0A;0259;4;2B342;19783
;0A;0260;4;2B342;374
;0A;0261;4;2B342;10
;0A;0262;4;2B342;26595
;0A;0265;4;2B342;49
;0A;0267;4;2B342;38
;0A;0268;4;2B342;45
;0A;0269;4;2B342;2817
;0A;0270;4;2B342;15
;0A;0279;4;2B342;6720
;0A;0028;1;2B342;420
;0A;0281;4;2B342;87
;0A;0282;4;2B342;220
;0A;0287;4;2B342;26
;0A;0029;1;2B342;10475
;0A;0290;4;2B342;603
;0A;0292;4;2B342;2973
;0A;0293;4;2B342;359
;0A;0294;4;2B342;638
;0A;0295;4;2B342;4309
;0A;0296;4;2B342;3172
;0A;0297;4;2B342;7242
;0A;0298;4;2B342;45
;0A;0299;4;2B342;1715
;0A;0003;1;2B342;18615
;0A;0030;1;2B342;111273
;0A;0301;4;2B342;6305
;0A;0302;4;2B342;7696
;0A;0303;4;2B342;18093
;0A;0304;4;2B342;10756
;0A;0305;4;2B342;1248
;0A;0307;4;2B342;2620
;0A;0308;4;2B342;3330
;0A;0309;4;2B342;2105
;0A;0031;1;2B342;1450
;0A;0310;4;2B342;3264
;0A;0311;4;2B342;260
;0A;0312;4;2B342;300
;0A;0313;4;2B342;2118
;0A;0314;4;2B342;2178
;0A;0315;4;2B342;11493
;0A;0316;4;2B342;800
;0A;0317;4;2B342;2820
;0A;0318;4;2B342;1630
;0A;0319;4;2B342;410
;0A;0032;1;2B342;6385
;0A;0320;4;2B342;41
;0A;0322;4;2B342;7315
;0A;0323;4;2B342;55
;0A;0324;4;2B342;1730
;0A;0325;4;2B342;56
;0A;0326;4;2B342;202
;0A;0327;4;2B342;160
;0A;0328;4;2B342;200
;0A;0329;4;2B342;2005
;0A;0033;1;2B342;807
;0A;0331;4;2B342;6080
;0A;0333;4;2B342;25784
;0A;0334;4;2B342;6776
;0A;0335;4;2B342;4551
;0A;0336;4;2B342;2310
;0A;0337;4;2B342;16778
;0A;0338;4;2B342;28433
;0A;0339;4;2B342;1866
;0A;0340;4;2B342;3764
;0A;0341;4;2B342;4305
;0A;0342;4;2B342;60648
;0A;0343;4;2B342;64153
;0A;0344;5;2B342;791720
;0A;0345;5;2B342;58912
;0A;0347;5;2B342;32750
;0A;0349;5;2B342;32180
;0A;0035;1;2B342;51115
;0A;0351;5;2B342;31448
;0A;0352;5;2B342;82540
;0A;0354;6;2B342;101720
;0A;0355;6;2B342;68016
;0A;0356;6;2B342;22020
;0A;0359;6;2B342;91
;0A;0362;6;2B342;1540
;0A;0364;6;2B342;36160
;0A;0365;6;2B342;1311
;0A;0366;6;2B342;3610
;0A;0368;6;2B342;1050
;0A;0037;1;2B342;1260
;0A;0370;6;2B342;5194
;0A;0038;1;2B342;2580
;0A;0385;6;2B342;11508
;0A;0387;6;2B342;16223
;0A;0389;6;2B342;36252
;0A;0039;1;2B342;17905
;0A;0390;6;2B342;4315
;0A;0393;6;2B342;1739
;0A;0395;6;2B342;32
;0A;0396;6;2B342;32
;0A;0397;6;2B342;880
;0A;0004;1;2B342;2860
;0A;0400;6;2B342;16046
;0A;0401;6;2B342;1582
;0A;0041;1;2B342;79068
;0A;0411;6;2B342;40
;0A;0413;6;2B342;25720
;0A;0042;1;2B342;21575
;0A;0420;6;2B342;52920
;0A;0421;6;2B342;12680
;0A;0422;6;2B342;102294
;0A;0423;6;2B342;37164
;0A;0424;6;2B342;1194
;0A;0425;6;2B342;22424
;0A;0426;6;2B342;9280
;0A;0428;6;2B342;1421
;0A;0429;6;2B342;9906
;0A;0043;1;2B342;138725
;0A;0430;6;2B342;11839
;0A;0431;6;2B342;8830
;0A;0432;6;2B342;23942
;0A;0433;6;2B342;111360
;0A;0434;6;2B342;45578
;0A;0435;6;2B342;92840
;0A;0436;6;2B342;55580
;0A;0437;6;2B342;97888
;0A;0438;6;2B342;214172
;0A;0439;6;2B342;10800
;0A;0044;1;2B342;13760
;0A;0440;6;2B342;3312
;0A;0441;6;2B342;2688
;0A;0442;6;2B342;41488
;0A;0443;6;2B342;34896
;0A;0444;6;2B342;57536
;0A;0445;6;2B342;18400
;0A;0446;6;2B342;37240
;0A;0447;6;2B342;103240
;0A;0448;6;2B342;10440
;0A;0449;6;2B342;11680
;0A;0045;1;2B342;83350
;0A;0451;6;2B342;35602
;0A;0452;6;2B342;17580
;0A;0453;6;2B342;97808
;0A;0454;6;2B342;1908
;0A;0455;6;2B342;1488
;0A;0456;6;2B342;93344
;0A;0457;6;2B342;32536
;0A;0458;6;2B342;2340
;0A;0459;6;2B342;2136
;0A;0046;2;2B342;14035
;0A;0460;6;2B342;31440
;0A;0462;6;2B342;3120
;0A;0468;6;2B342;29760
;0A;0469;6;2B342;16968
;0A;0047;2;2B342;12620
;0A;0470;6;2B342;1188
;0A;0472;6;2B342;135
;0A;0473;6;2B342;43520
;0A;0475;7;2B342;197990
;0A;0476;7;2B342;42
;0A;0478;7;2B342;133376
;0A;0479;7;2B342;23521
;0A;0048;2;2B342;4115
;0A;0480;7;2B342;15579
;0A;0481;7;2B342;68891
;0A;0483;7;2B342;7777
;0A;0484;7;2B342;694
;0A;0485;7;2B342;14661
;0A;0486;7;2B342;18670
;0A;0487;7;2B342;10535
;0A;0488;7;2B342;5660
;0A;0489;7;2B342;10775
;0A;0049;2;2B342;1060
;0A;0490;7;2B342;3902
;0A;0491;7;2B342;7369
;0A;0492;7;2B342;3081
;0A;0494;7;2B342;1535
;0A;0495;7;2B342;4183
;0A;0496;7;2B342;5602
;0A;0497;7;2B342;58325
;0A;0498;7;2B342;14746
;0A;0499;7;2B342;23548
;0A;0005;1;2B342;193298
;0A;0050;2;2B342;2220
;0A;0500;7;2B342;48516
;0A;0501;7;2B342;39378
;0A;0503;7;2B342;1935
;0A;0504;7;2B342;653
;0A;0505;7;2B342;809
;0A;0506;7;2B342;1234
;0A;0507;7;2B342;12290
;0A;0508;7;2B342;85246
;0A;0051;2;2B342;2292
;0A;0511;7;2B342;103433
;0A;0512;8;2B342;48554
;0A;0513;8;2B342;7530
;0A;0514;8;2B342;23618
;0A;0515;8;2B342;79775
;0A;0516;8;2B342;11408
;0A;0517;8;2B342;7260
;0A;0518;8;2B342;2592
;0A;0519;8;2B342;1581
;0A;0052;2;2B342;8625
;0A;0520;8;2B342;3625
;0A;0521;8;2B342;1779
;0A;0522;8;2B342;7063
;0A;0523;8;2B342;1220
;0A;0524;8;2B342;2036
;0A;0526;8;2B342;30632
;0A;0527;8;2B342;19620
;0A;0528;8;2B342;69272
;0A;0529;8;2B342;13605
;0A;0053;2;2B342;10678
;0A;0530;8;2B342;21039
;0A;0531;8;2B342;1203
;0A;0534;8;2B342;108
;0A;0535;8;2B342;12508
;0A;0538;8;2B342;3085
;0A;0539;8;2B342;23720
;0A;0054;2;2B342;20690
;0A;0540;8;2B342;36554
;0A;0541;8;2B342;39832
;0A;0542;8;2B342;3018
;0A;0543;8;2B342;2688
;0A;0544;8;2B342;3038
;0A;0545;8;2B342;1675
;0A;0546;8;2B342;1380
;0A;0547;8;2B342;13031
;0A;0548;8;2B342;4992
;0A;0549;8;2B342;20312
;0A;0055;2;2B342;6210
;0A;0550;8;2B342;19624
;0A;0551;8;2B342;253
;0A;0552;8;2B342;5930
;0A;0553;8;2B342;25885
;0A;0554;8;2B342;56002
;0A;0555;8;2B342;13852
;0A;0556;8;2B342;39640
;0A;0557;8;2B342;2178
;0A;0558;8;2B342;6010
;0A;0559;8;2B342;11247
;0A;0056;2;2B342;8405
;0A;0561;8;2B342;197
;0A;0562;8;2B342;8666
;0A;0563;8;2B342;3977
;0A;0564;8;2B342;4385
;0A;0565;8;2B342;10390
;0A;0566;8;2B342;8130
;0A;0567;8;2B342;20050
;0A;0568;8;2B342;17707
;0A;0569;8;2B342;46920
;0A;0057;2;2B342;6820
;0A;0570;8;2B342;17300
;0A;0571;8;2B342;30670
;0A;0572;8;2B342;992
;0A;0573;8;2B342;3128
;0A;0574;8;2B342;2188
;0A;0575;8;2B342;3751
;0A;0576;8;2B342;5304
;0A;0577;8;2B342;2460
;0A;0578;8;2B342;22752
;0A;0579;8;2B342;32476
;0A;0580;8;2B342;3404
;0A;0581;8;2B342;3691
;0A;0582;8;2B342;2975
;0A;0583;8;2B342;3586
;0A;0584;8;2B342;5304
;0A;0585;8;2B342;510
;0A;0586;8;2B342;51
;0A;0587;8;2B342;11170
;0A;0588;8;2B342;7787
;0A;0589;8;2B342;33121
;0A;0590;8;2B342;50255
;0A;0591;8;2B342;113564
;0A;0592;8;2B342;26080
;0A;0593;8;2B342;35635
;0A;0594;8;2B342;6654
;0A;0595;8;2B342;3457
;0A;0596;8;2B342;3300
;0A;0597;8;2B342;6404
;0A;0598;8;2B342;53418
;0A;0599;8;2B342;26820
;0A;0060;2;2B342;24738
;0A;0600;8;2B342;42173
;0A;0601;8;2B342;41580
;0A;0602;8;2B342;63260
;0A;0603;8;2B342;56738
;0A;0604;8;2B342;10500
;0A;0605;9;2B342;186788
;0A;0606;9;2B342;35989
;0A;0607;9;2B342;3740
;0A;0608;9;2B342;140
;0A;0609;9;2B342;100
;0A;0061;2;2B342;3060
;0A;0610;9;2B342;240
;0A;0611;9;2B342;63256
;0A;0612;9;2B342;30
;0A;0613;9;2B342;14591
;0A;0614;9;2B342;1376
;0A;0615;9;2B342;45513
;0A;0616;9;2B342;23440
;0A;0617;9;2B342;68514
;0A;0618;9;2B342;47470
;0A;0619;9;2B342;186553
;0A;0062;2;2B342;6451
;0A;0620;9;2B342;105946
;0A;0621;9;2B342;76960
;0A;0622;9;2B342;35823
;0A;0623;9;2B342;82119
;0A;0624;9;2B342;51866
;0A;0625;9;2B342;90
;0A;0626;9;2B342;4250
;0A;0627;9;2B342;15345
;0A;0628;9;2B342;33652
;0A;0629;9;2B342;30460
;0A;0630;9;2B342;25655
;0A;0631;9;2B342;75872
;0A;0632;9;2B342;78624
;0A;0633;9;2B342;52040
;0A;0634;9;2B342;23854
;0A;0635;9;2B342;8505
;0A;0636;9;2B342;4158
;0A;0637;9;2B342;130199
;0A;0638;9;2B342;33676
;0A;0639;9;2B342;29234
;0A;0064;2;2B342;7500
;0A;0640;9;2B342;5889
;0A;0641;9;2B342;17648
;0A;0642;9;2B342;4540
;0A;0643;9;2B342;4572
;0A;0644;9;2B342;3910
;0A;0645;9;2B342;82125
;0A;0646;9;2B342;125661
;0A;0647;9;2B342;1005
;0A;0648;9;2B342;39521
;0A;0649;9;2B342;9677
;0A;0650;10;2B342;44307
;0A;0651;10;2B342;4054
;0A;0652;10;2B342;7907
;0A;0653;10;2B342;7218
;0A;0654;10;2B342;2081
;0A;0655;10;2B342;30
;0A;0656;10;2B342;36824
;0A;0657;10;2B342;84010
;0A;0658;10;2B342;33210
;0A;0659;10;2B342;2479
;0A;0660;10;2B342;1400
;0A;0661;10;2B342;536
;0A;0662;10;2B342;1645
;0A;0663;10;2B342;1201
;0A;0664;10;2B342;6111
;0A;0665;10;2B342;5668
;0A;0666;10;2B342;13001
;0A;0667;10;2B342;13091
;0A;0668;10;2B342;9198
;0A;0669;10;2B342;49
;0A;0067;2;2B342;12090
;0A;0670;10;2B342;3343
;0A;0671;10;2B342;8644
;0A;0672;10;2B342;2803
;0A;0673;10;2B342;268
;0A;0675;10;2B342;1181
;0A;0676;10;2B342;1900
;0A;0677;10;2B342;821
;0A;0678;10;2B342;1963
;0A;0679;10;2B342;1718
;0A;0068;2;2B342;11180
;0A;0681;10;2B342;5672
;0A;0682;10;2B342;1528
;0A;0683;10;2B342;2400
;0A;0684;10;2B342;1715
;0A;0685;10;2B342;3441
;0A;0686;10;2B342;13245
;0A;0687;10;2B342;2225
;0A;0688;10;2B342;1352
;0A;0689;10;2B342;3822
;0A;0069;2;2B342;2812
;0A;0690;10;2B342;6387
;0A;0691;10;2B342;6800
;0A;0692;10;2B342;6153
;0A;0693;10;2B342;2566
;0A;0694;10;2B342;2881
;0A;0695;10;2B342;6457
;0A;0696;10;2B342;2958
;0A;0697;10;2B342;1961
;0A;0698;10;2B342;1822
;0A;0007;1;2B342;37000
;0A;0070;2;2B342;3088
;0A;0700;10;2B342;2741
;0A;0701;10;2B342;3255
;0A;0702;10;2B342;1262
;0A;0703;10;2B342;825
;0A;0704;10;2B342;974
;0A;0705;10;2B342;1166
;0A;0706;10;2B342;1274
;0A;0707;10;2B342;568
;0A;0708;10;2B342;10867
;0A;0071;2;2B342;966
;0A;0710;2;2B342;195
;0A;0711;2;2B342;16756
;0A;0712;4;2B342;16
;0A;0713;4;2B342;1273
;0A;0714;4;2B342;1900
;0A;0715;6;2B342;6748
;0A;0717;6;2B342;4024
;0A;0718;8;2B342;2040
;0A;0719;9;2B342;46700
;0A;0072;2;2B342;1517
;0A;0720;10;2B342;1230
;0A;0722;4;2B342;88880
;0A;0723;4;2B342;42363
;0A;0724;4;2B342;138640
;0A;0725;4;2B342;14280
;0A;0073;2;2B342;5375
;0A;0735;4;2B342;1080
;0A;0736;4;2B342;240
;0A;0737;4;2B342;600
;0A;0738;4;2B342;560
;0A;0739;4;2B342;1930
;0A;0074;2;2B342;4190
;0A;0740;4;2B342;2600
;0A;0741;4;2B342;7960
;0A;0749;6;2B342;210
;0A;0075;2;2B342;1201
;0A;0754;6;2B342;6000
;0A;0755;6;2B342;5690
;0A;0759;4;2B342;176
;0A;0076;2;2B342;973
;0A;0760;4;2B342;1460
;0A;0763;5;2B342;189868
;0A;0765;5;2B342;22392
;0A;0766;5;2B342;115670
;0A;0077;2;2B342;90
;0A;0770;5;2B342;13200
;0A;0771;5;2B342;143990
;0A;0772;5;2B342;4290
;0A;0776;6;2B342;2460
;0A;0779;6;2B342;16130
;0A;0078;2;2B342;74
;0A;0781;6;2B342;
;0A;0782;6;2B342;1898
;0A;0783;6;2B342;6767
;0A;0784;6;2B342;7923
;0A;0785;6;2B342;6836
;0A;0786;6;2B342;8733
;0A;0788;6;2B342;8734
;0A;0079;2;2B342;353
;0A;0790;6;2B342;12064
;0A;0791;6;2B342;31540
;0A;0794;5;2B342;2055
;0A;0008;1;2B342;47626
;0A;0805;6;2B342;136
;0A;0807;6;2B342;1572
;0A;0081;2;2B342;49
;0A;0812;6;2B342;15715
;0A;0813;6;2B342;252
;0A;0815;6;2B342;10018
;0A;0816;6;2B342;198
;0A;0817;6;2B342;64
;0A;0818;6;2B342;3515
;0A;0819;6;2B342;3713
;0A;0082;2;2B342;81
;0A;0820;6;2B342;3004
;0A;0822;6;2B342;932
;0A;0827;6;2B342;1340
;0A;0830;6;2B342;157440
;0A;0832;6;2B342;44585
;0A;0834;6;2B342;25065
;0A;0836;6;2B342;69255
;0A;0838;6;2B342;29800
;0A;0842;5;2B342;3260
;0A;0846;5;2B342;51770
;0A;0849;4;2B342;14
;0A;0085;2;2B342;80
;0A;0851;4;2B342;1085
;0A;0086;2;2B342;85
;0A;0864;4;2B342;345
;0A;0865;4;2B342;1080
;0A;0869;4;2B342;1080
;0A;0087;2;2B342;116
;0A;0088;2;2B342;48
;0A;0880;4;2B342;433
;0A;0884;6;2B342;17800
;0A;0886;6;2B342;2417
;0A;0887;6;2B342;5303
;0A;0888;6;2B342;1777
;0A;0889;6;2B342;2020
;0A;0089;2;2B342;36
;0A;0890;6;2B342;4282
;0A;0891;6;2B342;121
;0A;0892;6;2B342;2524
;0A;0893;6;2B342;5535
;0A;0895;6;2B342;1906
;0A;0897;6;2B342;7413
;0A;0899;6;2B342;4673
;0A;0009;1;2B342;59740
;0A;0090;2;2B342;41
;0A;0900;6;2B342;1209
;0A;0901;6;2B342;4845
;0A;0902;6;2B342;2307
;0A;0903;6;2B342;538
;0A;0904;6;2B342;116
;0A;0905;6;2B342;986
;0A;0906;6;2B342;200
;0A;0907;6;2B342;3614
;0A;0091;2;2B342;36
;0A;0912;4;2B342;1602
;0A;0913;4;2B342;2500
;0A;0918;6;2B342;407
;0A;0919;6;2B342;814
;0A;0092;2;2B342;80
;0A;0921;4;2B342;1121
;0A;0923;6;2B342;18870
;0A;0924;6;2B342;3839
;0A;0928;6;2B342;1533
;0A;0093;2;2B342;63
;0A;0932;6;2B342;3700
;0A;0933;6;2B342;3700
;0A;0934;6;2B342;1000
;0A;0935;6;2B342;1000
;0A;0937;2;2B342;333
;0A;0938;2;2B342;333
;0A;0939;2;2B342;301
;0A;0094;2;2B342;73
;0A;0940;2;2B342;51
;0A;0095;2;2B342;255
;0A;0956;7;2B342;
;0A;0957;7;2B342;20396
;0A;0958;7;2B342;18461
;0A;0959;7;2B342;1240
;0A;0960;7;2B342;38
;0A;0961;7;2B342;24641
;0A;0962;5;2B342;65000
;0A;0963;5;2B342;85000
;0A;0964;5;2B342;56170
;0A;0965;5;2B342;77015
;0A;0966;5;2B342;13620
;0A;0967;5;2B342;13620
;0A;0968;5;2B342;4786
;0A;0969;5;2B342;4786
;0A;0970;6;2B342;8550
;0A;0971;6;2B342;4236
;0A;0972;6;2B342;1200
;0A;0973;6;2B342;15451
;0A;0974;6;2B342;3950
;0A;0975;6;2B342;3950
;0A;0976;6;2B342;3950
;0A;0977;6;2B342;3950
;0A;0978;6;2B342;265
;0A;0979;6;2B342;1000
;0A;0982;6;2B342;4800
;0A;0099;2;2B342;82
;0A;0990;6;2B342;2000
;0A;0992;6;2B342;1338
;0A;0993;6;2B342;5402
;0A;0997;6;2B342;3600
;0A;0998;5;2B342;3364
;0A;0999;5;2B342;6276
;0B;1076;7;2B342;52804
;0B;0051;1;2B342;330
;0B;0063;1;2B342;32
;0B;0653;7;2B342;1147
;0B;0455;8;2B342;768
;0B;1030;7;2B342;731
;0B;1044;6;2B342;1375
;0B;1059;7;2B342;2040
;0B;1087;7;2B342;917
;0B;1088;7;2B342;774
;0B;1089;7;2B342;773
;0B;1093;7;2B342;766
;0B;1097;7;2B342;895
;0B;1101;7;2B342;669
;0B;1109;7;2B342;184
;0B;1126;7;2B342;723
;0B;1129;7;2B342;55
;0B;0014;1;2B342;200
;0B;0142;2;2B342;8901
;0B;0186;3;2B342;27
;0B;0191;3;2B342;960
;0B;0199;3;2B342;1600
;0B;0200;3;2B342;2810
;0B;0215;3;2B342;48
;0B;0219;3;2B342;5158
;0B;0239;4;2B342;5860
;0B;0268;4;2B342;9880
;0B;0279;4;2B342;21718
;0B;0294;4;2B342;324
;0B;0306;8;2B342;4556
;0B;0035;1;2B342;69
;0B;0356;7;2B342;1685
;0B;0357;7;2B342;1600
;0B;0366;7;2B342;2025
;0B;0375;7;2B342;1900
;0B;0042;1;2B342;882
;0B;0424;6;2B342;460
;0B;0043;1;2B342;899
;0B;0439;3;2B342;108
;0B;0047;1;2B342;245
;0B;0050;1;2B342;80
;0B;0518;1;2B342;165
;0B;0534;7;2B342;49477
;0B;0057;1;2B342;715
;0B;0059;1;2B342;29
;0B;0006;1;2B342;14182
;0B;0603;7;2B342;777
;0B;0604;7;2B342;939
;0B;0612;7;2B342;1043
;0B;0622;7;2B342;925
;0B;0627;7;2B342;1059
;0B;0635;7;2B342;880
;0B;0636;7;2B342;777
;0B;0638;7;2B342;867
;0B;0064;1;2B342;125
;0B;0641;7;2B342;1014
;0B;0066;1;2B342;115
;0B;0661;7;2B342;1078
;0B;0662;7;2B342;46
;0B;0681;3;2B342;405
;0B;0693;1;2B342;684
;0B;0699;3;2B342;9
;0B;0071;1;2B342;249
;0B;0072;1;2B342;363
;0B;0726;8;2B342;2000
;0B;0762;3;2B342;1366
;0B;0764;8;2B342;3236
;0B;0078;1;2B342;6543
;0B;0008;1;2B342;220
;0B;0806;7;2B342;1787
;0B;0822;7;2B342;1202
;0B;0834;7;2B342;874
;0B;0836;7;2B342;578
;0B;0839;7;2B342;813
;0B;0869;7;2B342;753
;0B;0881;7;2B342;975
;0B;0092;1;2B342;1588
;0B;0930;8;2B342;209
;0B;0960;7;2B342;829
;0B;0970;7;2B342;810
;0B;0098;1;2B342;4570
;0B;0992;7;2B342;972
;0B;0001;1;2B342;42344
;0B;0010;1;2B342;19195
;0B;0100;2;2B342;57558
;0B;1000;7;2B342;3239
;0B;1003;7;2B342;1776
;0B;1004;7;2B342;1644
;0B;1005;7;2B342;1636
;0B;1006;7;2B342;1634
;0B;1007;7;2B342;1634
;0B;1008;7;2B342;1660
;0B;1009;7;2B342;1606
;0B;0101;2;2B342;80150
;0B;1010;7;2B342;1515
;0B;1011;7;2B342;1294
;0B;1012;7;2B342;1093
;0B;1013;7;2B342;1509
;0B;1014;7;2B342;1629
;0B;1015;7;2B342;1739
;0B;1016;7;2B342;1506
;0B;1017;7;2B342;1527
;0B;1018;7;2B342;1522
;0B;1019;7;2B342;1537
;0B;0102;2;2B342;17143
;0B;1020;7;2B342;1523
;0B;1021;7;2B342;1574
;0B;1022;7;2B342;1560
;0B;1026;7;2B342;835
;0B;1027;7;2B342;986
;0B;1028;7;2B342;1023
;0B;1029;7;2B342;939
;0B;0103;2;2B342;95960
;0B;1031;7;2B342;1141
;0B;1032;7;2B342;1077
;0B;1033;7;2B342;1148
;0B;1035;7;2B342;1087
;0B;1036;7;2B342;889
;0B;1037;8;2B342;3938
;0B;1038;8;2B342;6226
;0B;0104;2;2B342;15820
;0B;1040;6;2B342;4297647
;0B;1041;6;2B342;1502323
;0B;1042;6;2B342;32998
;0B;1043;6;2B342;24215
;0B;1045;6;2B342;11058
;0B;1046;6;2B342;2461
;0B;0105;2;2B342;4640
;0B;1050;3;2B342;1380
;0B;1051;3;2B342;12520
;0B;1052;6;2B342;1466
;0B;1053;6;2B342;79254
;0B;1054;7;2B342;1275
;0B;1055;7;2B342;72
;0B;1056;7;2B342;1664
;0B;1057;7;2B342;1024
;0B;1058;7;2B342;639
;0B;0106;2;2B342;15476
;0B;1060;7;2B342;1675
;0B;1061;7;2B342;1470
;0B;1062;7;2B342;695
;0B;1063;7;2B342;2514
;0B;1064;7;2B342;3737
;0B;1065;7;2B342;612
;0B;1066;8;2B342;2256
;0B;1067;8;2B342;744
;0B;1068;7;2B342;531
;0B;1069;7;2B342;767
;0B;0107;2;2B342;3754
;0B;1070;7;2B342;898
;0B;1071;7;2B342;796
;0B;1072;7;2B342;822
;0B;1073;7;2B342;964
;0B;1074;7;2B342;954
;0B;1075;7;2B342;739
;0B;1079;7;2B342;707
;0B;0108;2;2B342;10025
;0B;1080;7;2B342;767
;0B;1081;7;2B342;728
;0B;1082;7;2B342;811
;0B;1083;7;2B342;760
;0B;1084;7;2B342;781
;0B;1085;7;2B342;794
;0B;1086;7;2B342;778
;0B;0109;2;2B342;3108
;0B;1090;7;2B342;822
;0B;1091;7;2B342;770
;0B;1092;7;2B342;751
;0B;1094;7;2B342;735
;0B;1095;7;2B342;782
;0B;1096;7;2B342;684
;0B;1098;7;2B342;826
;0B;1099;7;2B342;701
;0B;0110;2;2B342;2451
;0B;1100;7;2B342;773
;0B;1102;7;2B342;761
;0B;1103;7;2B342;784
;0B;1104;7;2B342;1646
;0B;1105;7;2B342;1293
;0B;1106;7;2B342;1313
;0B;1107;7;2B342;183
;0B;1108;7;2B342;185
;0B;0111;2;2B342;16801
;0B;1110;7;2B342;252
;0B;1111;7;2B342;41507
;0B;1112;7;2B342;4203
;0B;1113;7;2B342;5258
;0B;1114;7;2B342;4561
;0B;1115;7;2B342;51432
;0B;1116;7;2B342;1306
;0B;1117;7;2B342;1330
;0B;1118;7;2B342;1300
;0B;1119;7;2B342;1052
;0B;0112;2;2B342;578
;0B;1120;7;2B342;1294
;0B;1121;7;2B342;1133
;0B;1122;7;2B342;1138
;0B;1123;7;2B342;1129
;0B;1124;7;2B342;1431
;0B;1127;7;2B342;50
;0B;1128;7;2B342;877
;0B;0113;2;2B342;48820
;0B;1130;7;2B342;1340
;0B;1131;7;2B342;9
;0B;1132;7;2B342;117
;0B;1133;7;2B342;134
;0B;1134;3;2B342;4444
;0B;1135;3;2B342;4444
;0B;1136;7;2B342;2856
;0B;1137;7;2B342;14
;0B;1138;8;2B342;21
;0B;1139;8;2B342;357
;0B;0114;2;2B342;9880
;0B;1144;7;2B342;1069
;0B;1145;7;2B342;1034
;0B;0115;2;2B342;23210
;0B;1152;7;2B342;1023
;0B;1153;7;2B342;1089
;0B;0116;2;2B342;33052
;0B;0117;2;2B342;6965
;0B;0118;2;2B342;85905
;0B;0119;2;2B342;178015
;0B;0012;1;2B342;5972
;0B;0120;2;2B342;69966
;0B;0121;2;2B342;3630
;0B;0122;2;2B342;3767
;0B;0123;2;2B342;1030
;0B;0124;2;2B342;36017
;0B;0127;2;2B342;3688
;0B;0128;2;2B342;3568
;0B;0129;2;2B342;1113
;0B;0013;1;2B342;208695
;0B;0130;2;2B342;3425
;0B;0131;2;2B342;2888
;0B;0132;2;2B342;11151
;0B;0133;2;2B342;17975
;0B;0134;2;2B342;14490
;0B;0135;2;2B342;42845
;0B;0136;2;2B342;1822
;0B;0137;2;2B342;6917
;0B;0138;2;2B342;32364
;0B;0141;2;2B342;10897
;0B;0143;2;2B342;12526
;0B;0144;2;2B342;2933
;0B;0145;2;2B342;6144
;0B;0146;2;2B342;11534
;0B;0147;2;2B342;30351
;0B;0148;2;2B342;18196
;0B;0015;1;2B342;4980
;0B;0150;2;2B342;74004
;0B;0151;2;2B342;27624
;0B;0152;2;2B342;29283
;0B;0153;2;2B342;147012
;0B;0154;2;2B342;14601
;0B;0155;3;2B342;38198
;0B;0156;3;2B342;13020
;0B;0157;3;2B342;117123
;0B;0158;3;2B342;15844
;0B;0159;3;2B342;11236
;0B;0016;1;2B342;14820
;0B;0160;3;2B342;10190
;0B;0161;3;2B342;5459
;0B;0162;3;2B342;4981
;0B;0163;3;2B342;1040
;0B;0164;3;2B342;121684
;0B;0165;3;2B342;136260
;0B;0166;3;2B342;7898
;0B;0167;3;2B342;42480
;0B;0169;3;2B342;39440
;0B;0017;1;2B342;3105
;0B;0170;3;2B342;13980
;0B;0171;3;2B342;1865
;0B;0172;3;2B342;12260
;0B;0173;3;2B342;43340
;0B;0174;3;2B342;320
;0B;0175;3;2B342;33090
;0B;0176;3;2B342;72547
;0B;0177;3;2B342;2442
;0B;0178;3;2B342;6724
;0B;0179;3;2B342;24760
;0B;0018;1;2B342;31800
;0B;0180;3;2B342;1087
;0B;0181;3;2B342;280
;0B;0182;3;2B342;403
;0B;0183;3;2B342;19533
;0B;0184;3;2B342;6212
;0B;0185;3;2B342;32231
;0B;0188;3;2B342;83452
;0B;0019;1;2B342;35672
;0B;0190;3;2B342;8720
;0B;0192;3;2B342;10400
;0B;0193;3;2B342;9465
;0B;0194;3;2B342;55
;0B;0196;3;2B342;4870
;0B;0002;1;2B342;2450
;0B;0020;1;2B342;14550
;0B;0201;3;2B342;26300
;0B;0202;3;2B342;1060
;0B;0203;3;2B342;9650
;0B;0204;3;2B342;2862
;0B;0205;3;2B342;2840
;0B;0206;3;2B342;29560
;0B;0207;3;2B342;6720
;0B;0208;3;2B342;6620
;0B;0209;3;2B342;6780
;0B;0021;1;2B342;5410
;0B;0210;3;2B342;15202
;0B;0211;3;2B342;5634
;0B;0212;3;2B342;9355
;0B;0022;1;2B342;69040
;0B;0220;3;2B342;44445
;0B;0221;4;2B342;104642
;0B;0222;4;2B342;1440
;0B;0223;4;2B342;2247
;0B;0224;4;2B342;8228
;0B;0225;4;2B342;5231
;0B;0226;4;2B342;7000
;0B;0227;4;2B342;10152
;0B;0228;4;2B342;7525
;0B;0229;4;2B342;1695
;0B;0023;1;2B342;2010
;0B;0230;4;2B342;18705
;0B;0231;4;2B342;2315
;0B;0232;4;2B342;6407
;0B;0233;4;2B342;21412
;0B;0234;4;2B342;23432
;0B;0235;4;2B342;105301
;0B;0236;4;2B342;88800
;0B;0237;4;2B342;162235
;0B;0238;4;2B342;4820
;0B;0024;1;2B342;2675
;0B;0240;4;2B342;97886
;0B;0241;4;2B342;22865
;0B;0242;4;2B342;14190
;0B;0243;4;2B342;20640
;0B;0244;4;2B342;39030
;0B;0245;4;2B342;24540
;0B;0246;4;2B342;9665
;0B;0247;4;2B342;11722
;0B;0248;4;2B342;3300
;0B;0249;4;2B342;3915
;0B;0025;1;2B342;4980
;0B;0250;4;2B342;24760
;0B;0251;4;2B342;11419
;0B;0252;4;2B342;7275
;0B;0254;4;2B342;15041
;0B;0255;4;2B342;21800
;0B;0256;4;2B342;115428
;0B;0257;4;2B342;940
;0B;0258;4;2B342;10027
;0B;0259;4;2B342;10888
;0B;0026;1;2B342;3320
;0B;0260;4;2B342;41380
;0B;0261;4;2B342;18296
;0B;0262;4;2B342;52943
;0B;0263;4;2B342;12259
;0B;0264;4;2B342;29044
;0B;0265;4;2B342;10834
;0B;0266;4;2B342;14847
;0B;0267;4;2B342;1903
;0B;0269;4;2B342;6570
;0B;0027;1;2B342;13323
;0B;0270;4;2B342;10210
;0B;0272;4;2B342;9687
;0B;0273;4;2B342;2182
;0B;0274;4;2B342;5110
;0B;0275;4;2B342;9515
;0B;0276;4;2B342;4310
;0B;0277;4;2B342;6444
;0B;0278;4;2B342;32696
;0B;0028;1;2B342;840
;0B;0280;4;2B342;6325
;0B;0281;4;2B342;995
;0B;0282;4;2B342;21260
;0B;0283;4;2B342;49819
;0B;0284;4;2B342;49014
;0B;0285;4;2B342;673
;0B;0286;4;2B342;1287
;0B;0287;4;2B342;15546
;0B;0288;4;2B342;15456
;0B;0289;4;2B342;6673
;0B;0029;1;2B342;699
;0B;0290;4;2B342;3876
;0B;0291;4;2B342;1573
;0B;0292;4;2B342;1087
;0B;0293;4;2B342;502
;0B;0295;4;2B342;3550
;0B;0296;4;2B342;3708
;0B;0297;4;2B342;3003
;0B;0298;4;2B342;43491
;0B;0299;4;2B342;5899
;0B;0003;1;2B342;460
;0B;0030;1;2B342;7580
;0B;0300;4;2B342;15147
;0B;0301;4;2B342;40414
;0B;0302;4;2B342;7660
;0B;0303;4;2B342;5290
;0B;0304;4;2B342;16229
;0B;0309;8;2B342;2827
;0B;0031;1;2B342;460
;0B;0310;8;2B342;2320
;0B;0311;8;2B342;6480
;0B;0317;7;2B342;1539
;0B;0032;1;2B342;5920
;0B;0322;8;2B342;42533
;0B;0323;8;2B342;42533
;0B;0326;8;2B342;52586
;0B;0327;8;2B342;53178
;0B;0329;5;2B342;9736
;0B;0033;1;2B342;26060
;0B;0330;5;2B342;6320
;0B;0331;5;2B342;124460
;0B;0332;5;2B342;87340
;0B;0333;5;2B342;2560
;0B;0334;5;2B342;20992
;0B;0335;5;2B342;3180
;0B;0336;5;2B342;88588
;0B;0337;5;2B342;35180
;0B;0338;5;2B342;50560
;0B;0339;5;2B342;14780
;0B;0034;1;2B342;2499
;0B;0340;5;2B342;35200
;0B;0343;7;2B342;3667
;0B;0344;7;2B342;15474
;0B;0347;7;2B342;62560
;0B;0349;7;2B342;87020
;0B;0350;7;2B342;47280
;0B;0352;7;2B342;2000
;0B;0353;7;2B342;1930
;0B;0354;7;2B342;1830
;0B;0355;7;2B342;1810
;0B;0358;7;2B342;1880
;0B;0359;7;2B342;1885
;0B;0036;1;2B342;889
;0B;0360;7;2B342;2295
;0B;0361;7;2B342;2140
;0B;0362;7;2B342;1810
;0B;0364;7;2B342;2050
;0B;0365;7;2B342;2225
;0B;0367;7;2B342;2070
;0B;0368;7;2B342;2910
;0B;0369;7;2B342;2505
;0B;0037;1;2B342;7225
;0B;0370;7;2B342;2115
;0B;0371;7;2B342;2150
;0B;0372;7;2B342;2120
;0B;0373;7;2B342;2060
;0B;0374;7;2B342;2050
;0B;0376;7;2B342;2030
;0B;0378;7;2B342;2315
;0B;0379;7;2B342;2100
;0B;0038;1;2B342;4666
;0B;0380;7;2B342;1985
;0B;0381;7;2B342;2050
;0B;0382;7;2B342;2040
;0B;0384;7;2B342;2015
;0B;0386;7;2B342;2150
;0B;0388;7;2B342;2075
;0B;0389;7;2B342;2225
;0B;0039;1;2B342;1140
;0B;0390;7;2B342;1990
;0B;0391;7;2B342;2025
;0B;0392;7;2B342;2060
;0B;0393;7;2B342;2130
;0B;0395;7;2B342;2055
;0B;0004;1;2B342;538
;0B;0040;1;2B342;2420
;0B;0400;7;2B342;2050
;0B;0401;7;2B342;1965
;0B;0402;7;2B342;1975
;0B;0403;7;2B342;2010
;0B;0404;7;2B342;2040
;0B;0405;7;2B342;1970
;0B;0406;7;2B342;1965
;0B;0407;7;2B342;11480
;0B;0041;1;2B342;2513
;0B;0412;6;2B342;9448
;0B;0413;6;2B342;16160
;0B;0414;6;2B342;3860
;0B;0415;6;2B342;220
;0B;0416;6;2B342;11980
;0B;0417;6;2B342;260
;0B;0418;6;2B342;540
;0B;0419;6;2B342;1200
;0B;0420;6;2B342;300
;0B;0421;6;2B342;260
;0B;0422;6;2B342;2340
;0B;0425;6;2B342;14
;0B;0427;1;2B342;86
;0B;0428;1;2B342;418
;0B;0429;1;2B342;558
;0B;0430;1;2B342;140
;0B;0431;1;2B342;518
;0B;0432;1;2B342;12233
;0B;0433;1;2B342;6256
;0B;0434;1;2B342;5345
;0B;0435;2;2B342;19186
;0B;0436;2;2B342;19185
;0B;0437;2;2B342;19185
;0B;0044;1;2B342;625
;0B;0440;3;2B342;1500
;0B;0441;3;2B342;1364
;0B;0444;3;2B342;400
;0B;0445;3;2B342;1870
;0B;0446;8;2B342;80
;0B;0447;8;2B342;80
;0B;0448;8;2B342;6047
;0B;0045;1;2B342;153
;0B;0450;8;2B342;12618
;0B;0454;8;2B342;6414
;0B;0457;8;2B342;3620
;0B;0458;8;2B342;3616
;0B;0046;1;2B342;273
;0B;0460;8;2B342;6678
;0B;0461;8;2B342;2122
;0B;0462;8;2B342;3590
;0B;0463;8;2B342;4180
;0B;0468;8;2B342;16418
;0B;0470;8;2B342;3930
;0B;0471;8;2B342;5118
;0B;0473;8;2B342;13336
;0B;0474;8;2B342;29490
;0B;0475;8;2B342;25734
;0B;0476;8;2B342;3756
;0B;0477;8;2B342;238054
;0B;0479;3;2B342;13046
;0B;0048;1;2B342;288
;0B;0480;3;2B342;1730
;0B;0482;3;2B342;4480
;0B;0483;3;2B342;4114
;0B;0484;3;2B342;3680
;0B;0485;3;2B342;570
;0B;0486;3;2B342;1155
;0B;0487;3;2B342;350
;0B;0488;3;2B342;470
;0B;0489;3;2B342;26
;0B;0049;1;2B342;190
;0B;0490;8;2B342;6370
;0B;0491;8;2B342;6370
;0B;0492;8;2B342;6600
;0B;0493;8;2B342;6150
;0B;0494;8;2B342;6000
;0B;0498;8;2B342;2500
;0B;0005;1;2B342;17468
;0B;0501;8;2B342;6991
;0B;0510;8;2B342;74183
;0B;0511;8;2B342;5002
;0B;0512;2;2B342;523
;0B;0513;2;2B342;887
;0B;0514;2;2B342;4113
;0B;0515;2;2B342;4477
;0B;0516;2;2B342;6657
;0B;0517;1;2B342;165
;0B;0519;7;2B342;36212
;0B;0052;1;2B342;130
;0B;0520;7;2B342;28880
;0B;0524;8;2B342;5000
;0B;0529;3;2B342;1332
;0B;0530;3;2B342;11200
;0B;0531;7;2B342;10000
;0B;0533;7;2B342;59758
;0B;0535;7;2B342;441
;0B;0536;7;2B342;2834
;0B;0537;3;2B342;6000
;0B;0538;3;2B342;13334
;0B;0539;3;2B342;1000
;0B;0054;1;2B342;216
;0B;0547;4;2B342;4973
;0B;0548;4;2B342;1216
;0B;0549;4;2B342;9787
;0B;0055;1;2B342;825
;0B;0550;7;2B342;1489
;0B;0554;7;2B342;925
;0B;0555;7;2B342;1106
;0B;0556;7;2B342;1145
;0B;0557;7;2B342;1090
;0B;0558;7;2B342;869
;0B;0559;7;2B342;1094
;0B;0056;1;2B342;190
;0B;0560;7;2B342;867
;0B;0561;7;2B342;1105
;0B;0562;7;2B342;868
;0B;0563;7;2B342;1132
;0B;0564;7;2B342;859
;0B;0565;7;2B342;1154
;0B;0566;7;2B342;863
;0B;0567;7;2B342;1263
;0B;0568;7;2B342;894
;0B;0569;7;2B342;876
;0B;0570;7;2B342;1260
;0B;0571;7;2B342;1277
;0B;0572;7;2B342;1035
;0B;0573;7;2B342;1331
;0B;0574;7;2B342;1270
;0B;0575;7;2B342;1031
;0B;0576;7;2B342;1182
;0B;0577;7;2B342;1929
;0B;0578;7;2B342;1644
;0B;0579;7;2B342;1238
;0B;0058;1;2B342;965
;0B;0580;7;2B342;1470
;0B;0581;7;2B342;958
;0B;0582;7;2B342;928
;0B;0583;7;2B342;870
;0B;0584;7;2B342;875
;0B;0585;7;2B342;819
;0B;0586;7;2B342;1033
;0B;0587;7;2B342;989
;0B;0588;7;2B342;975
;0B;0589;7;2B342;1322
;0B;0590;7;2B342;994
;0B;0591;7;2B342;774
;0B;0592;7;2B342;870
;0B;0593;7;2B342;869
;0B;0594;7;2B342;937
;0B;0595;7;2B342;1069
;0B;0596;7;2B342;1051
;0B;0597;7;2B342;941
;0B;0598;7;2B342;1063
;0B;0599;7;2B342;899
;0B;0060;1;2B342;794
;0B;0600;7;2B342;839
;0B;0601;7;2B342;863
;0B;0602;7;2B342;998
;0B;0605;7;2B342;885
;0B;0606;7;2B342;881
;0B;0607;7;2B342;1109
;0B;0608;7;2B342;870
;0B;0609;7;2B342;1569
;0B;0061;1;2B342;59
;0B;0610;7;2B342;1015
;0B;0611;7;2B342;1206
;0B;0613;7;2B342;1106
;0B;0614;7;2B342;1038
;0B;0615;7;2B342;955
;0B;0616;7;2B342;939
;0B;0617;7;2B342;1150
;0B;0618;7;2B342;1137
;0B;0619;7;2B342;1039
;0B;0062;1;2B342;763
;0B;0620;7;2B342;985
;0B;0621;7;2B342;937
;0B;0623;7;2B342;1092
;0B;0624;7;2B342;1171
;0B;0625;7;2B342;1388
;0B;0626;7;2B342;858
;0B;0628;7;2B342;1309
;0B;0629;7;2B342;1193
;0B;0630;7;2B342;1315
;0B;0631;7;2B342;936
;0B;0632;7;2B342;916
;0B;0633;7;2B342;922
;0B;0634;7;2B342;852
;0B;0637;7;2B342;902
;0B;0639;7;2B342;875
;0B;0640;7;2B342;828
;0B;0642;7;2B342;827
;0B;0643;7;2B342;724
;0B;0644;7;2B342;1154
;0B;0645;7;2B342;1160
;0B;0646;7;2B342;1109
;0B;0647;7;2B342;1212
;0B;0648;7;2B342;1386
;0B;0649;7;2B342;794
;0B;0065;1;2B342;233
;0B;0650;7;2B342;1142
;0B;0651;7;2B342;796
;0B;0652;7;2B342;1229
;0B;0654;7;2B342;935
;0B;0655;7;2B342;939
;0B;0656;7;2B342;929
;0B;0657;7;2B342;1087
;0B;0658;7;2B342;996
;0B;0659;7;2B342;1065
;0B;0660;7;2B342;899
;0B;0663;7;2B342;74
;0B;0664;7;2B342;16357
;0B;0665;7;2B342;5330
;0B;0666;7;2B342;1668
;0B;0667;7;2B342;1750
;0B;0669;5;2B342;46800
;0B;0067;1;2B342;113
;0B;0673;2;2B342;13219
;0B;0674;2;2B342;15177
;0B;0675;2;2B342;1042
;0B;0676;2;2B342;4285
;0B;0677;2;2B342;490
;0B;0678;2;2B342;1250
;0B;0679;2;2B342;607
;0B;0680;2;2B342;2305
;0B;0682;3;2B342;1115
;0B;0683;8;2B342;1010
;0B;0686;8;2B342;3000
;0B;0069;1;2B342;5327
;0B;0691;7;2B342;6828
;0B;0694;1;2B342;140
;0B;0695;1;2B342;517
;0B;0696;1;2B342;1045
;0B;0697;1;2B342;1115
;0B;0698;3;2B342;1752
;0B;0007;1;2B342;3083
;0B;0700;3;2B342;2248
;0B;0701;3;2B342;11043
;0B;0702;8;2B342;3391
;0B;0703;8;2B342;10672
;0B;0704;8;2B342;1101
;0B;0706;1;2B342;272
;0B;0707;1;2B342;775
;0B;0708;1;2B342;272
;0B;0709;1;2B342;327
;0B;0710;1;2B342;2849
;0B;0712;8;2B342;10928
;0B;0713;7;2B342;700
;0B;0714;7;2B342;1250
;0B;0715;8;2B342;2500
;0B;0716;8;2B342;378
;0B;0717;8;2B342;10663
;0B;0718;3;2B342;2042
;0B;0719;3;2B342;2589
;0B;0720;3;2B342;1225
;0B;0721;3;2B342;1077
;0B;0722;3;2B342;3791
;0B;0723;8;2B342;1000
;0B;0073;1;2B342;1992
;0B;0731;8;2B342;2251
;0B;0732;8;2B342;2249
;0B;0736;7;2B342;65
;0B;0737;7;2B342;78
;0B;0738;7;2B342;8085
;0B;0739;7;2B342;884
;0B;0074;1;2B342;340
;0B;0740;7;2B342;928
;0B;0741;7;2B342;912
;0B;0742;7;2B342;911
;0B;0743;7;2B342;983
;0B;0744;7;2B342;1240
;0B;0745;7;2B342;1195
;0B;0746;7;2B342;1659
;0B;0747;7;2B342;1125
;0B;0748;7;2B342;1011
;0B;0749;7;2B342;1007
;0B;0075;1;2B342;382
;0B;0750;7;2B342;1025
;0B;0751;7;2B342;1043
;0B;0752;7;2B342;985
;0B;0753;7;2B342;1409
;0B;0754;7;2B342;1410
;0B;0755;7;2B342;1004
;0B;0756;7;2B342;985
;0B;0757;7;2B342;26312
;0B;0758;7;2B342;1249
;0B;0076;1;2B342;797
;0B;0760;3;2B342;1306
;0B;0763;3;2B342;4754
;0B;0766;8;2B342;126
;0B;0767;8;2B342;150
;0B;0768;7;2B342;968
;0B;0769;7;2B342;969
;0B;0077;1;2B342;10880
;0B;0770;8;2B342;68
;0B;0771;8;2B342;280
;0B;0772;8;2B342;8
;0B;0773;8;2B342;1257
;0B;0774;8;2B342;519
;0B;0775;8;2B342;215
;0B;0777;8;2B342;93
;0B;0778;8;2B342;38
;0B;0779;8;2B342;145
;0B;0780;8;2B342;179
;0B;0781;8;2B342;31
;0B;0782;8;2B342;90
;0B;0783;8;2B342;95
;0B;0784;8;2B342;409
;0B;0785;8;2B342;506
;0B;0786;8;2B342;1425
;0B;0787;8;2B342;74
;0B;0788;8;2B342;56
;0B;0789;8;2B342;145
;0B;0079;1;2B342;7094
;0B;0790;7;2B342;988
;0B;0791;7;2B342;1011
;0B;0792;7;2B342;1218
;0B;0794;3;2B342;2000
;0B;0795;3;2B342;2000
;0B;0796;3;2B342;4017
;0B;0797;7;2B342;1145
;0B;0798;7;2B342;1100
;0B;0799;7;2B342;913
;0B;0080;1;2B342;486
;0B;0800;7;2B342;764
;0B;0801;7;2B342;936
;0B;0802;7;2B342;717
;0B;0803;7;2B342;1135
;0B;0804;7;2B342;600
;0B;0807;7;2B342;1151
;0B;0808;7;2B342;1173
;0B;0809;7;2B342;929
;0B;0081;1;2B342;21826
;0B;0810;7;2B342;1132
;0B;0811;7;2B342;1171
;0B;0812;7;2B342;926
;0B;0813;7;2B342;1184
;0B;0814;7;2B342;978
;0B;0815;7;2B342;971
;0B;0816;7;2B342;1200
;0B;0817;7;2B342;786
;0B;0818;7;2B342;803
;0B;0819;7;2B342;916
;0B;0082;1;2B342;48280
;0B;0820;7;2B342;1105
;0B;0821;7;2B342;1110
;0B;0823;7;2B342;1237
;0B;0824;7;2B342;775
;0B;0825;7;2B342;951
;0B;0826;7;2B342;1009
;0B;0827;7;2B342;935
;0B;0828;7;2B342;862
;0B;0829;7;2B342;1013
;0B;0830;7;2B342;1096
;0B;0831;7;2B342;971
;0B;0832;7;2B342;854
;0B;0833;7;2B342;925
;0B;0835;7;2B342;615
;0B;0837;7;2B342;113
;0B;0838;7;2B342;116
;0B;0084;1;2B342;5626
;0B;0840;7;2B342;179
;0B;0841;7;2B342;812
;0B;0842;7;2B342;219
;0B;0843;7;2B342;812
;0B;0844;7;2B342;1019
;0B;0845;7;2B342;1166
;0B;0846;7;2B342;522
;0B;0847;7;2B342;929
;0B;0848;7;2B342;187
;0B;0849;7;2B342;214
;0B;0085;1;2B342;4432
;0B;0850;7;2B342;128
;0B;0851;7;2B342;100
;0B;0853;7;2B342;43
;0B;0854;7;2B342;387
;0B;0855;7;2B342;145
;0B;0856;7;2B342;826
;0B;0857;7;2B342;735
;0B;0858;7;2B342;691
;0B;0859;7;2B342;875
;0B;0086;1;2B342;39485
;0B;0860;7;2B342;72
;0B;0861;7;2B342;459
;0B;0862;7;2B342;980
;0B;0863;7;2B342;1083
;0B;0864;7;2B342;982
;0B;0866;7;2B342;928
;0B;0867;7;2B342;744
;0B;0868;7;2B342;655
;0B;0087;1;2B342;50405
;0B;0870;7;2B342;757
;0B;0871;7;2B342;804
;0B;0872;7;2B342;920
;0B;0873;7;2B342;912
;0B;0874;7;2B342;738
;0B;0875;7;2B342;1170
;0B;0877;7;2B342;655
;0B;0878;7;2B342;695
;0B;0879;7;2B342;914
;0B;0088;1;2B342;2000
;0B;0880;7;2B342;762
;0B;0882;7;2B342;708
;0B;0885;8;2B342;26
;0B;0886;8;2B342;2783
;0B;0888;8;2B342;118
;0B;0889;8;2B342;615
;0B;0089;1;2B342;30675
;0B;0894;7;2B342;46729
;0B;0896;7;2B342;26951
;0B;0898;7;2B342;20767
;0B;0899;5;2B342;881538
;0B;0009;1;2B342;915
;0B;0090;1;2B342;28935
;0B;0903;5;2B342;17043
;0B;0905;7;2B342;16558
;0B;0909;7;2B342;63732
;0B;0091;1;2B342;3700
;0B;0911;7;2B342;59576
;0B;0913;7;2B342;4784
;0B;0915;7;2B342;2011
;0B;0917;7;2B342;2379
;0B;0919;7;2B342;1887
;0B;0921;7;2B342;1976
;0B;0926;7;2B342;10925
;0B;0929;8;2B342;900
;0B;0093;1;2B342;34162
;0B;0931;8;2B342;2751
;0B;0934;8;2B342;6377
;0B;0935;8;2B342;4416
;0B;0936;8;2B342;1471
;0B;0937;8;2B342;3492
;0B;0938;8;2B342;29906
;0B;0939;8;2B342;662194
;0B;0094;1;2B342;21365
;0B;0940;7;2B342;600
;0B;0941;7;2B342;1386
;0B;0942;4;2B342;29837
;0B;0943;4;2B342;25500
;0B;0944;3;2B342;3750
;0B;0945;3;2B342;16738
;0B;0946;7;2B342;14
;0B;0947;7;2B342;542
;0B;0948;7;2B342;29
;0B;0949;7;2B342;668
;0B;0095;1;2B342;6473
;0B;0950;7;2B342;1164
;0B;0951;7;2B342;1262
;0B;0952;7;2B342;917
;0B;0953;7;2B342;328
;0B;0955;7;2B342;965
;0B;0956;7;2B342;931
;0B;0957;7;2B342;1079
;0B;0958;7;2B342;850
;0B;0959;7;2B342;1216
;0B;0096;1;2B342;1054
;0B;0961;7;2B342;1080
;0B;0962;7;2B342;824
;0B;0963;7;2B342;985
;0B;0964;7;2B342;798
;0B;0965;7;2B342;978
;0B;0966;7;2B342;1138
;0B;0967;7;2B342;983
;0B;0968;7;2B342;870
;0B;0969;7;2B342;1009
;0B;0097;1;2B342;4005
;0B;0971;7;2B342;926
;0B;0972;7;2B342;737
;0B;0973;7;2B342;828
;0B;0974;7;2B342;858
;0B;0975;7;2B342;663
;0B;0976;7;2B342;794
;0B;0977;7;2B342;785
;0B;0978;7;2B342;694
;0B;0979;7;2B342;168
;0B;0980;7;2B342;205
;0B;0981;7;2B342;601
;0B;0982;7;2B342;855
;0B;0983;7;2B342;890
;0B;0984;7;2B342;590
;0B;0985;7;2B342;1031
;0B;0986;7;2B342;865
;0B;0987;7;2B342;889
;0B;0988;7;2B342;25601
;0B;0989;7;2B342;108
;0B;0099;2;2B342;86043
;0B;0990;7;2B342;961
;0B;0991;7;2B342;58
;0B;0993;7;2B342;19
;0B;0994;7;2B342;1205
;0B;0995;7;2B342;2659
;0B;0996;7;2B342;2869
;0B;0997;7;2B342;1357
;0B;0998;7;2B342;2147
;0B;0999;7;2B342;3006
;0C;0297;5;2B342;48
;0C;0109;3;2B342;71
;0C;0111;3;2B342;253
;0C;0134;3;2B342;1582
;0C;0139;3;2B342;1590
;0C;0147;3;2B342;936
;0C;0158;3;2B342;88
;0C;0160;3;2B342;36
;0C;0165;3;2B342;299
;0C;0175;3;2B342;16
;0C;0020;2;2B342;15480
;0C;0021;2;2B342;4730
;0C;0022;2;2B342;1020
;0C;0023;2;2B342;12918
;0C;0230;4;2B342;680
;0C;0238;4;2B342;50222
;0C;0262;5;2B342;48
;0C;0264;5;2B342;270
;0C;0268;5;2B342;162
;0C;0274;5;2B342;235
;0C;0275;5;2B342;28
;0C;0280;5;2B342;435
;0C;0295;5;2B342;91
;0C;0301;5;2B342;42
;0C;0306;5;2B342;21
;0C;0307;5;2B342;42
;0C;0316;5;2B342;380
;0C;0321;5;2B342;64
;0C;0322;5;2B342;33
;0C;0330;5;2B342;122
;0C;0333;5;2B342;51
;0C;0358;5;2B342;375
;0C;0360;5;2B342;182
;0C;0395;5;2B342;95
;0C;0396;5;2B342;67
;0C;0398;5;2B342;34
;0C;0415;5;2B342;9
;0C;0421;5;2B342;70
;0C;0428;5;2B342;186
;0C;0430;5;2B342;197
;0C;0441;5;2B342;75
;0C;0444;5;2B342;140
;0C;0466;5;2B342;1848
;0C;0469;5;2B342;25
;0C;0473;5;2B342;1371
;0C;0527;5;2B342;857
;0C;0542;5;2B342;13
;0C;0545;5;2B342;250
;0C;0548;5;2B342;384
;0C;0056;2;2B342;19060
;0C;0577;6;2B342;330
;0C;0604;6;2B342;70
;0C;0061;2;2B342;1975
;0C;0612;6;2B342;6778
;0C;0625;5;2B342;42
;0C;0645;5;2B342;2222
;0C;0070;2;2B342;1385
;0C;0094;3;2B342;1365
;0C;0001;1;2B342;50006
;0C;0010;1;2B342;74360
;0C;0100;3;2B342;1329
;0C;0101;3;2B342;586
;0C;0102;3;2B342;811
;0C;0103;3;2B342;1303
;0C;0104;3;2B342;865
;0C;0105;3;2B342;688
;0C;0106;3;2B342;585
;0C;0107;3;2B342;437
;0C;0108;3;2B342;217
;0C;0011;1;2B342;25795
;0C;0110;3;2B342;231
;0C;0112;3;2B342;130
;0C;0113;3;2B342;765
;0C;0114;3;2B342;560
;0C;0115;3;2B342;96
;0C;0116;3;2B342;717
;0C;0117;3;2B342;627
;0C;0118;3;2B342;125
;0C;0119;3;2B342;210
;0C;0012;1;2B342;63247
;0C;0120;3;2B342;200
;0C;0121;3;2B342;53
;0C;0122;3;2B342;235
;0C;0123;3;2B342;346
;0C;0124;3;2B342;244
;0C;0125;3;2B342;258
;0C;0126;3;2B342;36
;0C;0127;3;2B342;54
;0C;0128;3;2B342;356
;0C;0129;3;2B342;91
;0C;0130;3;2B342;283
;0C;0131;3;2B342;54
;0C;0132;3;2B342;499
;0C;0133;3;2B342;2266
;0C;0135;3;2B342;2053
;0C;0136;3;2B342;221
;0C;0137;3;2B342;2057
;0C;0138;3;2B342;253
;0C;0014;2;2B342;25840
;0C;0140;3;2B342;874
;0C;0141;3;2B342;1615
;0C;0142;3;2B342;430
;0C;0143;3;2B342;338
;0C;0144;3;2B342;135
;0C;0145;3;2B342;624
;0C;0146;3;2B342;25
;0C;0148;3;2B342;60
;0C;0149;3;2B342;1160
;0C;0015;2;2B342;17820
;0C;0150;3;2B342;204
;0C;0151;3;2B342;167
;0C;0152;3;2B342;260
;0C;0153;3;2B342;518
;0C;0154;3;2B342;85
;0C;0155;3;2B342;121
;0C;0156;3;2B342;382
;0C;0157;3;2B342;45
;0C;0159;3;2B342;80
;0C;0016;2;2B342;36810
;0C;0161;3;2B342;90
;0C;0162;3;2B342;242
;0C;0163;3;2B342;1446
;0C;0164;3;2B342;317
;0C;0166;3;2B342;407
;0C;0167;3;2B342;216
;0C;0168;3;2B342;55
;0C;0169;3;2B342;162
;0C;0017;2;2B342;67900
;0C;0170;3;2B342;83
;0C;0171;3;2B342;54
;0C;0172;3;2B342;102
;0C;0173;3;2B342;48
;0C;0174;3;2B342;1900
;0C;0176;3;2B342;2219
;0C;0177;3;2B342;1755
;0C;0178;3;2B342;495
;0C;0179;3;2B342;558
;0C;0018;2;2B342;21205
;0C;0180;3;2B342;4046
;0C;0181;3;2B342;2211
;0C;0182;3;2B342;2315
;0C;0183;3;2B342;556
;0C;0184;3;2B342;3433
;0C;0185;3;2B342;977
;0C;0186;3;2B342;670
;0C;0187;3;2B342;7795
;0C;0189;4;2B342;113617
;0C;0019;2;2B342;16285
;0C;0190;4;2B342;41270
;0C;0191;4;2B342;2725
;0C;0192;4;2B342;24825
;0C;0193;4;2B342;31175
;0C;0194;4;2B342;5750
;0C;0195;4;2B342;7715
;0C;0196;4;2B342;1470
;0C;0197;4;2B342;4040
;0C;0198;4;2B342;7192
;0C;0199;4;2B342;5705
;0C;0002;1;2B342;14142
;0C;0200;4;2B342;6780
;0C;0201;4;2B342;25605
;0C;0202;4;2B342;52850
;0C;0203;4;2B342;9180
;0C;0204;4;2B342;3450
;0C;0205;4;2B342;7263
;0C;0206;4;2B342;1440
;0C;0207;4;2B342;9401
;0C;0208;4;2B342;88495
;0C;0209;4;2B342;101700
;0C;0210;4;2B342;62609
;0C;0211;4;2B342;4080
;0C;0212;4;2B342;7834
;0C;0213;4;2B342;6758
;0C;0214;4;2B342;12740
;0C;0215;4;2B342;11260
;0C;0216;4;2B342;8730
;0C;0217;4;2B342;875
;0C;0218;4;2B342;12835
;0C;0219;4;2B342;63912
;0C;0220;4;2B342;17970
;0C;0221;4;2B342;21260
;0C;0222;4;2B342;19880
;0C;0223;4;2B342;21559
;0C;0224;4;2B342;28760
;0C;0225;4;2B342;9100
;0C;0226;4;2B342;11720
;0C;0227;4;2B342;36010
;0C;0228;4;2B342;31585
;0C;0229;4;2B342;4157
;0C;0231;4;2B342;139664
;0C;0232;4;2B342;1000
;0C;0233;4;2B342;1980
;0C;0234;4;2B342;14410
;0C;0235;4;2B342;11843
;0C;0236;4;2B342;6975
;0C;0237;4;2B342;48715
;0C;0239;4;2B342;29760
;0C;0024;2;2B342;74930
;0C;0240;4;2B342;760
;0C;0241;4;2B342;320
;0C;0242;4;2B342;16959
;0C;0243;4;2B342;5824
;0C;0244;4;2B342;6225
;0C;0245;4;2B342;60
;0C;0246;4;2B342;47745
;0C;0247;4;2B342;22490
;0C;0248;4;2B342;15945
;0C;0249;4;2B342;7780
;0C;0025;2;2B342;31168
;0C;0250;4;2B342;12900
;0C;0251;4;2B342;3050
;0C;0252;4;2B342;115543
;0C;0253;4;2B342;79566
;0C;0254;4;2B342;8545
;0C;0255;4;2B342;1160
;0C;0256;5;2B342;3898
;0C;0257;5;2B342;547
;0C;0258;5;2B342;16
;0C;0259;5;2B342;200
;0C;0026;2;2B342;29285
;0C;0260;5;2B342;190
;0C;0261;5;2B342;44
;0C;0263;5;2B342;623
;0C;0265;5;2B342;28
;0C;0266;5;2B342;173
;0C;0267;5;2B342;52
;0C;0269;5;2B342;770
;0C;0027;2;2B342;2655
;0C;0272;5;2B342;47
;0C;0273;5;2B342;23
;0C;0276;5;2B342;202
;0C;0277;5;2B342;408
;0C;0278;5;2B342;162
;0C;0279;5;2B342;80
;0C;0028;2;2B342;5776
;0C;0281;5;2B342;130
;0C;0282;5;2B342;230
;0C;0283;5;2B342;223
;0C;0284;5;2B342;210
;0C;0285;5;2B342;145
;0C;0286;5;2B342;155
;0C;0287;5;2B342;115
;0C;0288;5;2B342;21
;0C;0289;5;2B342;17
;0C;0029;2;2B342;3266
;0C;0290;5;2B342;275
;0C;0291;5;2B342;440
;0C;0292;5;2B342;12
;0C;0293;5;2B342;28
;0C;0294;5;2B342;288
;0C;0296;5;2B342;6
;0C;0298;5;2B342;540
;0C;0299;5;2B342;235
;0C;0003;1;2B342;15800
;0C;0030;2;2B342;30755
;0C;0300;5;2B342;42
;0C;0302;5;2B342;30
;0C;0303;5;2B342;40
;0C;0304;5;2B342;60
;0C;0305;5;2B342;43
;0C;0308;5;2B342;72
;0C;0309;5;2B342;42
;0C;0031;2;2B342;5195
;0C;0310;5;2B342;90
;0C;0311;5;2B342;190
;0C;0312;5;2B342;195
;0C;0313;5;2B342;380
;0C;0314;5;2B342;1460
;0C;0315;5;2B342;262
;0C;0317;5;2B342;200
;0C;0318;5;2B342;18
;0C;0319;5;2B342;50
;0C;0032;2;2B342;30400
;0C;0320;5;2B342;38
;0C;0323;5;2B342;92
;0C;0324;5;2B342;172
;0C;0325;5;2B342;48
;0C;0326;5;2B342;125
;0C;0327;5;2B342;110
;0C;0328;5;2B342;72
;0C;0329;5;2B342;36
;0C;0033;2;2B342;29990
;0C;0331;5;2B342;103
;0C;0332;5;2B342;132
;0C;0334;5;2B342;32
;0C;0335;5;2B342;26
;0C;0336;5;2B342;23
;0C;0337;5;2B342;1048
;0C;0338;5;2B342;397
;0C;0339;5;2B342;115
;0C;0034;2;2B342;1660
;0C;0340;5;2B342;54
;0C;0341;5;2B342;458
;0C;0342;5;2B342;50
;0C;0343;5;2B342;7838
;0C;0344;5;2B342;167
;0C;0345;5;2B342;325
;0C;0346;5;2B342;95
;0C;0347;5;2B342;75
;0C;0348;5;2B342;197
;0C;0349;5;2B342;57
;0C;0035;2;2B342;645
;0C;0350;5;2B342;78
;0C;0351;5;2B342;95
;0C;0352;5;2B342;92
;0C;0353;5;2B342;78
;0C;0354;5;2B342;120
;0C;0355;5;2B342;225
;0C;0356;5;2B342;435
;0C;0357;5;2B342;118
;0C;0359;5;2B342;235
;0C;0036;2;2B342;4570
;0C;0361;5;2B342;103
;0C;0362;5;2B342;120
;0C;0363;5;2B342;69
;0C;0364;5;2B342;45
;0C;0365;5;2B342;93
;0C;0366;5;2B342;98
;0C;0367;5;2B342;125
;0C;0368;5;2B342;32
;0C;0369;5;2B342;40
;0C;0037;2;2B342;29930
;0C;0370;5;2B342;145
;0C;0371;5;2B342;340
;0C;0372;5;2B342;92
;0C;0373;5;2B342;13
;0C;0374;5;2B342;681
;0C;0375;5;2B342;14
;0C;0376;5;2B342;72
;0C;0377;5;2B342;72
;0C;0378;5;2B342;155
;0C;0379;5;2B342;134
;0C;0038;2;2B342;33740
;0C;0380;5;2B342;54
;0C;0381;5;2B342;85
;0C;0382;5;2B342;70
;0C;0383;5;2B342;30
;0C;0384;5;2B342;72
;0C;0385;5;2B342;200
;0C;0386;5;2B342;77
;0C;0387;5;2B342;6
;0C;0388;5;2B342;72
;0C;0389;5;2B342;88
;0C;0039;2;2B342;31560
;0C;0390;5;2B342;118
;0C;0391;5;2B342;127
;0C;0392;5;2B342;65
;0C;0393;5;2B342;41
;0C;0394;5;2B342;18
;0C;0397;5;2B342;46
;0C;0399;5;2B342;115
;0C;0004;1;2B342;134783
;0C;0040;2;2B342;33351
;0C;0400;5;2B342;595
;0C;0401;5;2B342;65
;0C;0402;5;2B342;113
;0C;0403;5;2B342;46
;0C;0404;5;2B342;153
;0C;0405;5;2B342;59
;0C;0406;5;2B342;51
;0C;0407;5;2B342;45
;0C;0408;5;2B342;45
;0C;0409;5;2B342;41
;0C;0041;2;2B342;82170
;0C;0410;5;2B342;32
;0C;0411;5;2B342;29
;0C;0412;5;2B342;43
;0C;0413;5;2B342;156
;0C;0414;5;2B342;64
;0C;0416;5;2B342;90
;0C;0417;5;2B342;63
;0C;0419;5;2B342;250
;0C;0042;2;2B342;105890
;0C;0420;5;2B342;22
;0C;0422;5;2B342;70
;0C;0423;5;2B342;110
;0C;0424;5;2B342;120
;0C;0425;5;2B342;1311
;0C;0426;5;2B342;282
;0C;0427;5;2B342;88
;0C;0429;5;2B342;140
;0C;0043;2;2B342;1762
;0C;0431;5;2B342;215
;0C;0432;5;2B342;170
;0C;0433;5;2B342;365
;0C;0434;5;2B342;208
;0C;0435;5;2B342;107
;0C;0436;5;2B342;120
;0C;0437;5;2B342;188
;0C;0438;5;2B342;118
;0C;0439;5;2B342;140
;0C;0044;2;2B342;32068
;0C;0440;5;2B342;17
;0C;0442;5;2B342;115
;0C;0443;5;2B342;52
;0C;0445;5;2B342;60
;0C;0446;5;2B342;55
;0C;0447;5;2B342;27
;0C;0448;5;2B342;240
;0C;0449;5;2B342;475
;0C;0045;2;2B342;59430
;0C;0450;5;2B342;28
;0C;0451;5;2B342;1228
;0C;0452;5;2B342;1692
;0C;0453;5;2B342;1758
;0C;0454;5;2B342;240
;0C;0455;5;2B342;2166
;0C;0456;5;2B342;1405
;0C;0457;5;2B342;3245
;0C;0458;5;2B342;1401
;0C;0459;5;2B342;211
;0C;0046;2;2B342;9872
;0C;0460;5;2B342;1696
;0C;0461;5;2B342;1928
;0C;0462;5;2B342;877
;0C;0463;5;2B342;3074
;0C;0464;5;2B342;2382
;0C;0468;5;2B342;1175
;0C;0047;2;2B342;48490
;0C;0470;5;2B342;3665
;0C;0471;5;2B342;3288
;0C;0472;5;2B342;2402
;0C;0474;5;2B342;995
;0C;0475;5;2B342;579
;0C;0476;5;2B342;1130
;0C;0477;5;2B342;1008
;0C;0478;5;2B342;758
;0C;0479;5;2B342;815
;0C;0048;2;2B342;2495
;0C;0480;5;2B342;1995
;0C;0481;5;2B342;780
;0C;0482;5;2B342;3568
;0C;0483;5;2B342;1001
;0C;0484;5;2B342;3590
;0C;0485;5;2B342;1554
;0C;0486;5;2B342;2015
;0C;0487;5;2B342;12913
;0C;0488;5;2B342;455
;0C;0489;5;2B342;2500
;0C;0049;2;2B342;61330
;0C;0490;5;2B342;626
;0C;0491;5;2B342;825
;0C;0492;5;2B342;5107
;0C;0493;5;2B342;797
;0C;0494;5;2B342;3895
;0C;0495;5;2B342;1103
;0C;0496;5;2B342;584
;0C;0497;5;2B342;3658
;0C;0498;5;2B342;2239
;0C;0499;5;2B342;4353
;0C;0005;1;2B342;3600
;0C;0050;2;2B342;7514
;0C;0500;5;2B342;2687
;0C;0501;5;2B342;1382
;0C;0502;5;2B342;8444
;0C;0503;5;2B342;14846
;0C;0504;5;2B342;5650
;0C;0505;5;2B342;2592
;0C;0506;5;2B342;8884
;0C;0507;5;2B342;616
;0C;0508;5;2B342;2128
;0C;0509;5;2B342;2104
;0C;0051;2;2B342;2282
;0C;0510;5;2B342;8880
;0C;0511;5;2B342;6764
;0C;0512;5;2B342;6006
;0C;0513;5;2B342;1442
;0C;0514;5;2B342;4496
;0C;0515;5;2B342;1384
;0C;0516;5;2B342;418
;0C;0518;5;2B342;392
;0C;0519;5;2B342;365
;0C;0052;2;2B342;8350
;0C;0521;5;2B342;2845
;0C;0522;5;2B342;51
;0C;0523;5;2B342;503
;0C;0524;5;2B342;3867
;0C;0525;5;2B342;1337
;0C;0526;5;2B342;1671
;0C;0528;5;2B342;285
;0C;0529;5;2B342;627
;0C;0053;2;2B342;35
;0C;0530;5;2B342;997
;0C;0531;5;2B342;5149
;0C;0532;5;2B342;4728
;0C;0533;5;2B342;280
;0C;0534;5;2B342;248
;0C;0535;5;2B342;125
;0C;0536;5;2B342;325
;0C;0537;5;2B342;285
;0C;0538;5;2B342;1260
;0C;0539;5;2B342;1050
;0C;0054;2;2B342;410
;0C;0540;5;2B342;3710
;0C;0541;5;2B342;310
;0C;0543;5;2B342;192
;0C;0544;5;2B342;585
;0C;0546;5;2B342;235
;0C;0547;5;2B342;165
;0C;0549;5;2B342;427
;0C;0055;2;2B342;9660
;0C;0550;5;2B342;85
;0C;0551;5;2B342;203
;0C;0552;5;2B342;2575
;0C;0553;5;2B342;110
;0C;0554;5;2B342;325
;0C;0556;5;2B342;1506
;0C;0557;5;2B342;1712
;0C;0558;5;2B342;3312
;0C;0559;5;2B342;5852
;0C;0560;5;2B342;75
;0C;0561;5;2B342;1723
;0C;0562;5;2B342;2600
;0C;0563;6;2B342;50155
;0C;0564;6;2B342;256
;0C;0565;6;2B342;491
;0C;0566;6;2B342;118
;0C;0567;6;2B342;720
;0C;0568;6;2B342;43700
;0C;0569;6;2B342;672
;0C;0057;2;2B342;5190
;0C;0570;6;2B342;80925
;0C;0571;6;2B342;51428
;0C;0572;6;2B342;87138
;0C;0573;6;2B342;116581
;0C;0574;6;2B342;64600
;0C;0575;6;2B342;17465
;0C;0576;6;2B342;3410
;0C;0578;6;2B342;815
;0C;0579;6;2B342;3077
;0C;0058;2;2B342;5370
;0C;0580;6;2B342;1365
;0C;0581;6;2B342;445
;0C;0582;6;2B342;1865
;0C;0583;6;2B342;1400
;0C;0584;6;2B342;8407
;0C;0585;6;2B342;7690
;0C;0586;6;2B342;4052
;0C;0587;6;2B342;25705
;0C;0588;6;2B342;16560
;0C;0589;6;2B342;35315
;0C;0059;2;2B342;2910
;0C;0590;6;2B342;11994
;0C;0591;6;2B342;48260
;0C;0592;6;2B342;8620
;0C;0593;6;2B342;40940
;0C;0594;6;2B342;2140
;0C;0595;6;2B342;83460
;0C;0596;6;2B342;33820
;0C;0597;6;2B342;7580
;0C;0598;6;2B342;261530
;0C;0599;6;2B342;10380
;0C;0006;1;2B342;113475
;0C;0060;2;2B342;12263
;0C;0600;6;2B342;220236
;0C;0601;6;2B342;12960
;0C;0602;6;2B342;6086
;0C;0603;6;2B342;40304
;0C;0605;6;2B342;8116
;0C;0606;6;2B342;86819
;0C;0607;6;2B342;3475
;0C;0608;6;2B342;1250
;0C;0609;6;2B342;1420
;0C;0610;6;2B342;36570
;0C;0611;6;2B342;44120
;0C;0613;6;2B342;71951
;0C;0614;6;2B342;4760
;0C;0615;6;2B342;31410
;0C;0616;6;2B342;17477
;0C;0617;2;2B342;400
;0C;0618;2;2B342;1635
;0C;0619;3;2B342;30
;0C;0062;2;2B342;4915
;0C;0620;3;2B342;16
;0C;0621;3;2B342;21
;0C;0622;3;2B342;102
;0C;0623;3;2B342;53
;0C;0624;5;2B342;75
;0C;0626;5;2B342;55
;0C;0627;5;2B342;100
;0C;0628;5;2B342;1004
;0C;0629;5;2B342;820
;0C;0063;2;2B342;35500
;0C;0630;5;2B342;419
;0C;0631;5;2B342;637
;0C;0632;5;2B342;474
;0C;0633;5;2B342;503
;0C;0634;5;2B342;2174
;0C;0635;5;2B342;726
;0C;0636;5;2B342;573
;0C;0637;5;2B342;285
;0C;0638;5;2B342;300
;0C;0639;5;2B342;298
;0C;0064;2;2B342;74040
;0C;0640;5;2B342;150
;0C;0641;5;2B342;162
;0C;0642;5;2B342;166
;0C;0643;5;2B342;1083
;0C;0644;5;2B342;46
;0C;0065;2;2B342;1050
;0C;0656;5;2B342;1550
;0C;0657;5;2B342;4429
;0C;0658;5;2B342;2920
;0C;0659;5;2B342;3860
;0C;0066;2;2B342;10611
;0C;0660;5;2B342;106
;0C;0661;5;2B342;32
;0C;0067;2;2B342;2566
;0C;0068;2;2B342;9245
;0C;0069;2;2B342;9995
;0C;0007;1;2B342;27730
;0C;0071;3;2B342;8905
;0C;0072;3;2B342;185
;0C;0073;3;2B342;230
;0C;0074;3;2B342;48
;0C;0075;3;2B342;25
;0C;0076;3;2B342;1014
;0C;0077;3;2B342;54
;0C;0078;3;2B342;30
;0C;0079;3;2B342;18
;0C;0008;1;2B342;26405
;0C;0080;3;2B342;25
;0C;0081;3;2B342;54
;0C;0082;3;2B342;119
;0C;0083;3;2B342;212
;0C;0084;3;2B342;304
;0C;0085;3;2B342;60
;0C;0086;3;2B342;9
;0C;0087;3;2B342;85
;0C;0088;3;2B342;537
;0C;0089;3;2B342;313
;0C;0009;1;2B342;118050
;0C;0090;3;2B342;1657
;0C;0091;3;2B342;192
;0C;0092;3;2B342;311
;0C;0093;3;2B342;921
;0C;0095;3;2B342;343
;0C;0096;3;2B342;264
;0C;0097;3;2B342;1392
;0C;0098;3;2B342;2626
;0C;0099;3;2B342;5833
