DATE_PARUTION;REFERENCE_BOAMP;ACHETEUR;OBJET_DU_MARCHE;URL_OFFICIELLE
2026-09-25;26-93040;DNGCD;Réhabilitation du bâtiment ex-atelier fer à Aspretto pour création de locaux au profit de la garde-côtes des douanes.;https://www.boamp.fr/pages/avis/?q=idweb:26-93040
2026-09-08;26-86846;MINARM;Entretien des espaces extérieurs de la B.A 126 Ventiseri, de la base navale d’Aspretto, des sémaphores la Chiappa, Alistro, Pertusato et la Parata et sites périphériques des côtes Est/Ouest;https://www.boamp.fr/pages/avis/?q=idweb:26-86846
2026-08-07;26-78898;SID Sud-Est;AJACCIO (2A) - BN ASPRETTO - Consolidation du musoir de la jetée;https://www.boamp.fr/pages/avis/?q=idweb:26-78898
2026-07-26;26-74493;PFC Sud;PRESTATIONS DE RESTAURATION AU PROFIT DU PERSONNEL TRAVAILLANT SUR LE SITE DE DIANE RATTACHE A LA BASE DE DEFENSE DE VENTISERI;https://www.boamp.fr/pages/avis/?q=idweb:26-74493
2026-06-17;26-60094;SID Sud-Est;DAF_2026_000822 - VENTISERI (2B) - Mise en œuvre de plusieurs mesures d'Evitement, de Réduction, de Compensation (ERC)dans le cadre des projets de modernisation de la BA 126;https://www.boamp.fr/pages/avis/?q=idweb:26-60094
2026-06-16;26-59280;MINARM;Entretien des espaces extérieurs de la B.A 126 Ventiseri, de la base navale d’Aspretto, des sémaphores la Chiappa, Alistro, Pertusato et la Parata et sites périphériques des côtes Est/Ouest;https://www.boamp.fr/pages/avis/?q=idweb:26-59280
2026-06-16;26-58921;Service d'Infrastructure de la Défense Sud-Est;"VENTISERI (2B) - BA126 - Marché de dépannage type ""SOS dépannage"" avec mise en place d'une astreinte hors heures et jours oeuvrés pour la BdD de Ventiseri";https://www.boamp.fr/pages/avis/?q=idweb:26-58921
2026-06-05;26-55051;Service d'Infrastructure de la Défense Sud-Est;VENTISERI (2B) BA 126 - Adaptation du dépôt munition (DPMu) en dépôt unique;https://www.boamp.fr/pages/avis/?q=idweb:26-55051
2026-05-09;26-46528;Service d'Infrastructure de la Défense Sud-Est;VENTISERI (2B) - BA126 - Adaptation des locaux EP-Création d’un EP NG - Construction et Réhabilitation de bâtiments;https://www.boamp.fr/pages/avis/?q=idweb:26-46528
2026-02-24;26-19301;DNGCD;Réhabilitation du bâtiment ex-atelier fer à Aspretto pour création de locaux au profit de la garde-côtes des douanes.;https://www.boamp.fr/pages/avis/?q=idweb:26-19301
2026-02-15;26-15857;MINARM/EMA/SCA/PFC Sud Toulon;PRESTATIONS D'ENTRETIEN DES ESPACES EXTERIEURS AU PROFIT DES ORGANISMES SOUTENUS PAR LE GROUPEMENT DE SOUTIEN COMMISSARIAT (GSC) de VENTISERI;https://www.boamp.fr/pages/avis/?q=idweb:26-15857
2026-01-16;26-4505;PFC SUD;Acquisition de deux embarcations rigides et de deux remorques au profit des sauveteurs plongeurs héliportés de l’armée de l’air et de l’espace, stationnés à CAZAUX (BA120) et SOLENZARA (BA126);https://www.boamp.fr/pages/avis/?q=idweb:26-4505
2026-01-14;26-4212;drsid-lyon;VENTISERI (2B) - BA126 - Adaptation des locaux EP-Création d’un EP NG Marché OPC (Ordonnancement, Pilotage, et Coordination);https://www.boamp.fr/pages/avis/?q=idweb:26-4212
2025-11-07;25-124372;DNGCD;Réhabilitation du bâtiment ex-atelier fer à ASPRETTO pour réimplanter la brigade garde-côtes des douanes d'AJACCIO;https://www.boamp.fr/pages/avis/?q=idweb:25-124372
2025-09-24;25-105898;SID Sud-Est;AJACCIO (2A) - Base navale d'Aspretto - Rénovation du réseau AEP;https://www.boamp.fr/pages/avis/?q=idweb:25-105898
2025-06-27;25-72075;PFC Sud;Acquisition de deux embarcations rigides et de deux remorques au profit des sauveteurs plongeurs héliportés de l’armée de l’air et de l’espace, stationnés à CAZAUX (BA120) et SOLENZARA (BA126);https://www.boamp.fr/pages/avis/?q=idweb:25-72075
2025-06-25;25-71860;DNGCD;Réhabilitation du bâtiment ex-atelier fer à ASPRETTO pour création de locaux au profit de la garde-côtes des douanes;https://www.boamp.fr/pages/avis/?q=idweb:25-71860
2025-06-17;25-67597;drsid-lyon;VENTISERI (2B) - BA126 - Reprise des non-conformités de la zone ravitaillement en carburant de la Centrale électrique;https://www.boamp.fr/pages/avis/?q=idweb:25-67597
2025-06-03;25-62122;drsid-lyon;CALVI – 2ème REP – Camp Raffalli – Remise à neuf de la toiture du bâtiment 73;https://www.boamp.fr/pages/avis/?q=idweb:25-62122
2025-05-12;25-53031;Ville de Marseille;FOURNITURE DE REPAS ACM POUR LA MAIRIE DU 2E SECTEUR;https://www.boamp.fr/pages/avis/?q=idweb:25-53031
2025-04-24;25-46538;SID-SE Service d'Infrastructure de la Défense Sud-Est;CASTA (2B) / CALVI (2B) - Champ de Tir de Casta / Camp Raffalli -  Purge des Buttes de Tir;https://www.boamp.fr/pages/avis/?q=idweb:25-46538
2025-04-23;25-45929;2e REP - Camp Rafalli - Calvi (2B);CASTA (2B) / CALVI (2B) - Champ de Tir de Casta / Camp Raffalli -  Purge des Buttes de Tir;https://www.boamp.fr/pages/avis/?q=idweb:25-45929
2025-02-13;25-16431;MINDEF/SGA/DCSID/ESID Lyon;"Traitement de petites interventions de type ""SOS dépannage"" avec mise en place d'une astreinte hors heures et jours ouvrés pour les bases de défense de Calvi et de Ventiseri-Solenzara (Base Navale Asp";https://www.boamp.fr/pages/avis/?q=idweb:25-16431
2025-01-09;25-1584;MINDEF/SGA/DCSID/ESID Lyon;VENTISERI (2B) - BA126 - Accord-cadre à bons de commande pour la réalisation de travaux d'entretien du poste d'amarrage des pétroliers;https://www.boamp.fr/pages/avis/?q=idweb:25-1584
2024-12-08;24-137269;MINDEF/SGA/DCSID/ESID Lyon;VENTISERI (2B) - BA 126 - Adaptation du DPMu en dépôt unique - Travaux préparatoires;https://www.boamp.fr/pages/avis/?q=idweb:24-137269
2024-09-04;24-100290;Etablissement du service d'infrastructure de la défense de Lyon - ESID Lyon;Le présent accord-cadre a pour objet la maintenance préventive et corrective des chambres froides comportant un lot la bases de défense de Calvi et un autre lot pour la base de défense de Ventiseri-So;https://www.boamp.fr/pages/avis/?q=idweb:24-100290
2024-08-22;24-96760;Ministère des Armées;VENTISERI (2B) - BA126 - Accord-cadre à bons de commande pour la réalisation de travaux d'entretien sur la plateforme aéronautique;https://www.boamp.fr/pages/avis/?q=idweb:24-96760
2024-06-27;24-74513;MINDEF/SGA/DCSID/ESID Lyon;"Traitement de petites interventions de type ""SOS dépannage"" avec mise en place d'une astreinte hors heures et jours ouvrés pour les bases de défense de Calvi et de Ventiseri-Solenzara (Base Navale Asp";https://www.boamp.fr/pages/avis/?q=idweb:24-74513
2024-06-01;24-62972;MINDEF/SGA/DCSID/ESID Lyon;"Traitement de petites interventions de type ""SOS dépannage"" avec mise en place d'une astreinte hors heures et jours ouvrés pour les bases de défense de Calvi et de Ventiseri-Solenzara (Base Navale Asp";https://www.boamp.fr/pages/avis/?q=idweb:24-62972
2024-05-16;24-56425;ESID de Lyon;Maintenance préventive et corrective des systèmes d'infrastructures anti-intrusion pour la base de défense de Ventiseri-Solenzara;https://www.boamp.fr/pages/avis/?q=idweb:24-56425
2024-05-02;24-51290;MINDEF/SGA/DCSID/ESID Lyon;VENTISERI (2B) - BA 126 - Adaptation du DPMu en dépôt unique - Travaux préparatoires;https://www.boamp.fr/pages/avis/?q=idweb:24-51290
2024-02-12;24-17040;MINDEF/SGA/DCSID/ESID Lyon;Travaux de remise en état des installations de systèmes de sécurité incendie (SSI) de la BA 126 pour la base de défense de Ventiseri-Solenzara;https://www.boamp.fr/pages/avis/?q=idweb:24-17040
2023-12-30;23-180567;SGAP de Marseille;Construction d un cantonnement de gendarmerie mobile à Aspretto (2A);https://www.boamp.fr/pages/avis/?q=idweb:23-180567
2023-08-23;23-118250;SGAP de Marseille;RELANCE - Rénovation lourde du stand de tir d'Aspretto - Ajaccio (2A);https://www.boamp.fr/pages/avis/?q=idweb:23-118250
2023-04-28;23-57201;MINDEF / EMA / SCA / PFC SUD;Prestations de restauration de qualité 'traiteur' au profit de la BN d'Aspretto;https://www.boamp.fr/pages/avis/?q=idweb:23-57201
2023-03-17;23-36453;COLLECTIVITE DE CORSE;Aménagement d'une voie verte route de l'ancienne batterie d'Aspretto - Cumuna d'Aiacciu;https://www.boamp.fr/pages/avis/?q=idweb:23-36453
2023-03-11;23-32135;DRSID Lyon;VTI - VENTISERI (2B) - BA126 - Marché OPC Interopération - Mission d'ordonnancement, pilotage et coordination;https://www.boamp.fr/pages/avis/?q=idweb:23-32135
2023-03-09;23-30680;DRSID Lyon;"VTI - VENTISERI (2B) - BA 126 - Marché CSPS niveau 1 Interopération - Mission de coordination, sécurité et protection de la santé (ESID 23-043 ; DAF_2023_000262)";https://www.boamp.fr/pages/avis/?q=idweb:23-30680
2023-03-03;23-28066;SGAP de Marseille;Construction d un cantonnement de gendarmerie mobile à Aspretto (2A);https://www.boamp.fr/pages/avis/?q=idweb:23-28066
2023-02-20;23-23714;Ville de Marseille;REPAS ACM POUR LA MAIRIE DU 2E SECTEUR;https://www.boamp.fr/pages/avis/?q=idweb:23-23714
2023-02-17;23-23429;Ville de Marseille;REPAS ACM POUR LA MAIRIE DU 2E SECTEUR;https://www.boamp.fr/pages/avis/?q=idweb:23-23429
2023-01-28;23-12235;MINDEF / EMA / SCA / PFC SUD;Prestations de restauration de qualité 'traiteur' au profit de la BN d'Aspretto;https://www.boamp.fr/pages/avis/?q=idweb:23-12235
2023-01-20;23-8383;MINDEF / EMA / SCA / PFC SUD;Prestations de restauration de qualité 'traiteur' au profit de la BN d'Aspretto;https://www.boamp.fr/pages/avis/?q=idweb:23-8383
2022-12-14;22-165138;SGAP de Marseille;RENOVATION LOURDE DU STAND DE TIR DU CRF ASPRETTO - AJACCIO (2A);https://www.boamp.fr/pages/avis/?q=idweb:22-165138
2022-12-11;22-162745;MINDEF / EMA / SCA / PFC SUD;Prestations de restauration sur place ou à emporter au profit des personnes travaillant sur le site de DIANE, rattachée au GSBdD de Ventiseri-Solenzara à Linguizetta;https://www.boamp.fr/pages/avis/?q=idweb:22-162745
2022-11-02;22-146800;DRSID Lyon;VENTISERI - HAUTE CORSE 2B BA126 - bâtiment 363 MESS UNIQUE - Modernisation et Individualisation des chambres froides du Mess;https://www.boamp.fr/pages/avis/?q=idweb:22-146800
2022-08-14;22-111494;DRSID Lyon;Maintenance préventive et corrective des cellules haute tension, des transformateurs, des TGBT et supervision des BdD de Calvi et de Ventiseri-Solenzara.;https://www.boamp.fr/pages/avis/?q=idweb:22-111494
2022-08-04;22-108846;DRSID Lyon;CALVI (2B) - camp RAFFALLI - 2ème REP - Remplacement des convoyeurs (trois convoyeurs) des trois tours d'aération à parachute;https://www.boamp.fr/pages/avis/?q=idweb:22-108846
2022-07-19;22-100584;COLLECTIVITE DE CORSE;Rt 21 Prolongement de la voie verte du fond de baie jusqu'au quartier d'Aspretto - Commune d'Ajaccio;https://www.boamp.fr/pages/avis/?q=idweb:22-100584
2022-04-13;22-53717;COLLECTIVITE DE CORSE;Rt 21 Prolongement de la voie verte du fond de baie jusqu'au quartier d'Aspretto - Commune d'Ajaccio;https://www.boamp.fr/pages/avis/?q=idweb:22-53717
2022-01-18;22-9405;DRSID Lyon;VENTISERI (2B) - BA126 - Rénovation du dispositif de surveillance de la base de Ventiseri-Solenzara;https://www.boamp.fr/pages/avis/?q=idweb:22-9405
2021-12-30;21-170352;SGAP de Marseille;Concours restreint de maitrise d'Oeuvre sur Esquisse pour la construction d'un cantonnement de gendarmerie mobile sur le site d'Aspretto;https://www.boamp.fr/pages/avis/?q=idweb:21-170352
2021-09-10;21-122185;COLLECTIVITE DE CORSE;Aménagement d'une voie cyclable depuis la route de l'ancienne batterie d'Aspretto au giratoire RT21/RD503 Cumuna d'Aiacciu - Section 1;https://www.boamp.fr/pages/avis/?q=idweb:21-122185
2021-08-24;21-114692;DRSID Lyon;VENTISERI (2B) - BA126 - Rénovation du dispositif de surveillance de la base de Ventiseri-Solenzara;https://www.boamp.fr/pages/avis/?q=idweb:21-114692
2021-07-11;21-96075;SGAP de Marseille;Concours restreint de maitrise d'Oeuvre sur Esquisse pour la construction d'un cantonnement de gendarmerie mobile sur le site d'Aspretto;https://www.boamp.fr/pages/avis/?q=idweb:21-96075
2021-06-18;21-83565;DRSID Lyon;VTI - VENTISERI SOLENZARA (2B) - BA 126 - Accord cadre à bons de commande pour la réalisation de travaux d'entretien du poste d'amarrage des pétroliers (ESID no20-350 - DAF_2020_001908).;https://www.boamp.fr/pages/avis/?q=idweb:21-83565
2021-05-17;21-65697;Ville de Marseille;Fourniture et livraison de repas, de pique-niques et de goûters en liaison froide pour l'accueil collectif de mineurs (ACM) des centres de loisirs de la mairie des 2e et 3e arrondissements;https://www.boamp.fr/pages/avis/?q=idweb:21-65697
2021-04-16;21-49657;DRSID Lyon;SOLENZARA (20) - Base aérienne 126 - Mission d'audit énergétique, d'évaluation et d'assistance technique pour la mise en place d'un Contrat de Performance Énergétique (CPE);https://www.boamp.fr/pages/avis/?q=idweb:21-49657
2021-03-02;21-28106;DRSID Lyon;VTI - VENTISERI SOLENZARA (2B) - BA 126 - Accord cadre à bons de commande pour la réalisation de travaux d'entretien du poste d'amarrage des pétroliers (ESID no20-350 - DAF_2020_001908).;https://www.boamp.fr/pages/avis/?q=idweb:21-28106
2021-02-14;21-20240;DRSID Lyon;DAF_2020_001537 - AJACCIO (2A) - Maintenance préventive et corrective multi-corps d'état du hangar 02 de la BN d'Aspretto, avec mise en place d'astreinte hors heures et jours oeuvrés.;https://www.boamp.fr/pages/avis/?q=idweb:21-20240
2021-01-20;21-7116;DRSID Lyon;Maintenance préventive et corrective des onduleurs de la BdD de ventiseri-Solenzara et de la BdD de Calvi (18-141_142);https://www.boamp.fr/pages/avis/?q=idweb:21-7116
2020-12-16;20-152150;MINDEF / EMA / DC SCA / PFAF SE;Collecte,transport,traitement des Déchets Ménagers,des biodéchets,des Déchets NonDangereux,des Déchets Dangereux et collecte séparée, BA 126 GSBdD Ventiseri-Solenzara et du site de Diane (4 lots);https://www.boamp.fr/pages/avis/?q=idweb:20-152150
2020-10-08;20-122927;DRSID Lyon;Ventiseri (2B) Accord-cadre à bons de commande pour la réalisation de travaux d'entretien sur la plateforme aéronautique (rénovation du balisage, réfection des chaussées aéronautiques, joints, ma;https://www.boamp.fr/pages/avis/?q=idweb:20-122927
2020-08-13;20-101354;MINDEF / EMA / DC SCA / PFAF SE;Collecte,transport,traitement des Déchets Ménagers,des biodéchets,des Déchets NonDangereux,des Déchets Dangereux et collecte séparée, BA 126 GSBdD Ventiseri-Solenzara et du site de Diane (4 lots);https://www.boamp.fr/pages/avis/?q=idweb:20-101354
2020-05-15;20-63273;DRSID Lyon;VIT - CORSE DU SUD (2A) - HAUTE CORSE (2B) -Maintenance préventive et corrective des installations de chauffage, ventilation et climatisation de la BdD de ventiseri-Solenzara (ESID-19-194_195);https://www.boamp.fr/pages/avis/?q=idweb:20-63273
2020-03-20;20-41332;DRSID Lyon;SOS Dépannage CORSE DU SUD (2A) - Sites occidentale de la BdD de Ventiseri-Solenzara;https://www.boamp.fr/pages/avis/?q=idweb:20-41332
2020-03-11;20-35138;DRSID Lyon;VTI - VENTISERI (2B)-BA 126- Rénovation du balisage et refection des chaussées aéronautiques - MOP (ESID 19 125 - Cosi 440653);https://www.boamp.fr/pages/avis/?q=idweb:20-35138
2020-02-25;20-28925;DRSID Lyon;VENTISERI (2B) - BA126 - Aménagement des locaux du bâtiment HCCA (ESID-18-345_348 - COSI 450852);https://www.boamp.fr/pages/avis/?q=idweb:20-28925
2020-02-15;20-22906;DRSID Lyon;SOS Dépannage CORSE DU SUD (2A) - Sites occidentale de la BdD de Ventiseri-Solenzara;https://www.boamp.fr/pages/avis/?q=idweb:20-22906
2019-11-14;19-171234;DRSID Lyon;CALVI (2B) - Camp Raffalli - 2ème REP - Réfection de réseaux de chauffage et de sous-stations 3ème tranche/3.;https://www.boamp.fr/pages/avis/?q=idweb:19-171234
2019-11-07;19-166909;DRSID Lyon;CALVI (2B) Camp Raffalli : Maintenance préventive et corrective de l'installation d'élévation et de séchage des parachutes (SREPP) et de l'agrès d'instruction multipostes (AIM) DAF;https://www.boamp.fr/pages/avis/?q=idweb:19-166909
2019-10-16;19-157035;DRSID Lyon;"AJACCIO (2A) - Base navale d'Aspretto - Rénovation des réseaux HT-BT (DAF_2019_000372 - ESID 19-064 ; COSI no : 445489).";https://www.boamp.fr/pages/avis/?q=idweb:19-157035
2019-07-28;19-116678;Service Interarmée des Munitions;Prestations de réexamen et de mise à jour des études de dangers des dépôts de munitions de Toulon, Tourris, Ventiseri-Solenzara et Fontvieille de l'EP Mu Provence-Méditerranée;https://www.boamp.fr/pages/avis/?q=idweb:19-116678
2019-07-01;19-100502;DRSID Lyon;"AJACCIO (2A) - Base navale d'Aspretto - Rénovation des réseaux HT-BT (DAF_2019_000372 - ESID 19-064 ; COSI no : 445489).";https://www.boamp.fr/pages/avis/?q=idweb:19-100502
2019-06-20;19-95080;DRSID Lyon;"VTI - AJACCIO (2A) - Base navale d'Aspretto, rénovation route d'accès au quai suite dégâts tempête Adrianna USID CORSE - (ESID 19-079 ; no COSI : 454 201)";https://www.boamp.fr/pages/avis/?q=idweb:19-95080
2019-04-03;19-53691;DRSID Lyon;"VTI -VENTISERI (2B) - BA126 - Aménagement des locaux du bâtiment HCCA (ESID-19-077 ; COSI : 450852 / DAF_2019_000403) - Lot no 4 : Menuiseries, couverture, plafonds suspendus (relance lot no 4 ESID..";https://www.boamp.fr/pages/avis/?q=idweb:19-53691
2019-03-25;19-46058;DRSID Lyon;"VTI - AJACCIO (2A) - Base navale d'Aspretto, rénovation route d'accès au quai suite dégâts tempête Adrianna USID CORSE - (ESID 19-079 ; no COSI : 454 201)";https://www.boamp.fr/pages/avis/?q=idweb:19-46058
2019-03-17;19-40884;DRSID Lyon;VTI - VENTISERI (2B)-BA 126- Rénovation du balisage et refection des chaussées aéronautiques - MOP (ESID 19 125 - Cosi 440653);https://www.boamp.fr/pages/avis/?q=idweb:19-40884
2019-03-12;19-38304;DRSID Lyon;VENTISERI (2B) - Base aérienne de Solenzara - BA 126 - Rénovation des réseaux EU/EP (ESID-18-326 - COSI 440925);https://www.boamp.fr/pages/avis/?q=idweb:19-38304
2019-02-27;19-31591;DRSID Lyon;"VTI -VENTISERI (2B) - BA126 - Aménagement des locaux du bâtiment HCCA (ESID-19-077 ; COSI : 450852 / DAF_2019_000403) - Lot no 4 : Menuiseries, couverture, plafonds suspendus (relance lot no 4 ESID..";https://www.boamp.fr/pages/avis/?q=idweb:19-31591
2019-02-19;19-26666;DRSID Lyon;VENTISERI (2B) - BA126 - Travaux divers dans les bâtiments HM5 et P23 (ESID-18-328_330 - COSI 450009);https://www.boamp.fr/pages/avis/?q=idweb:19-26666
2019-02-13;19-22437;Caisse des écoles Paris 3ème;Fourniture de repas livrés en liaison froide et prestation d'assistance technique pour les caisses des écoles des 1er, 2è, 3è arrondissemenst de Paris;https://www.boamp.fr/pages/avis/?q=idweb:19-22437
2019-01-07;19-2207;MINDEF / EMA / DC SCA / PFAF SE;Prestations de restauration au profit du personnel travaillant sur le site de Diane, rattaché à la Base de Défense de Ventiseri-Solenzara.;https://www.boamp.fr/pages/avis/?q=idweb:19-2207
2018-11-13;18-158311;DRSID Lyon;VENTISERI (2B) - BA126 - Aménagement des locaux du bâtiment HCCA (ESID-18-345_348 - COSI 450852);https://www.boamp.fr/pages/avis/?q=idweb:18-158311
2018-10-24;18-148714;MINDEF / EMA / DC SCA / PFAF SE;Prestations d'entretien des espaces extérieurs au profit du Groupement de soutien de la Base de Défense de Ventiseri-Solenzara;https://www.boamp.fr/pages/avis/?q=idweb:18-148714
2018-10-23;18-149396;DRSID Lyon;VENTISERI (2B) - BA126 - Travaux divers dans les bâtiments HM5 et P23 (ESID-18-328_330 - COSI 450009);https://www.boamp.fr/pages/avis/?q=idweb:18-149396
2018-09-17;18-129456;DRSID Lyon;VENTISERI (2B) - Base aérienne de Solenzara - BA 126 - Rénovation des réseaux EU/EP (ESID-18-326 - COSI 23399);https://www.boamp.fr/pages/avis/?q=idweb:18-129456
2018-08-14;18-115584;DRSID Lyon;VENTISERI (2B) - Base aérienne de Solenzara - BA 126 - Rénovation des réseaux EU/EP (ESID-18-326 - COSI 23399);https://www.boamp.fr/pages/avis/?q=idweb:18-115584
2018-07-18;18-101761;COMMUNE DE SAUVIAN;Agrandissement de la halle des sports Stéphane Diagana (report de la date limite de remise des offres + organisation d'une 2è visite obligatoire le 27/07/2018 à 14h30) (rectificatif);https://www.boamp.fr/pages/avis/?q=idweb:18-101761
2018-07-13;18-97605;Caisse des écoles Paris 3ème;fourniture de repas livrés en liaison froide et prestation d'assistance technique pour les caisses des écoles des 1er, 2è, 3è arrondissemenst de Paris;https://www.boamp.fr/pages/avis/?q=idweb:18-97605
2018-03-07;18-31855;DRSID Lyon;VENTISERI (20145) - Base de solenzara - Base aérienne 126 - Désamiantage et remise en état des vitrages des hangars des hm3 et hm4;https://www.boamp.fr/pages/avis/?q=idweb:18-31855
2018-02-01;18-14711;DRSID Lyon;VENTISERI (2B) - Rénovation des toitures et isolation des combles de certains bâtiments;https://www.boamp.fr/pages/avis/?q=idweb:18-14711
2018-01-30;18-7288;MINDEF / EMA / DC SCA / PFAF SE;prestations de contrôle d'accès de la base navale d'aspretto (corse);https://www.boamp.fr/pages/avis/?q=idweb:18-7288
2018-01-19;18-8566;DRSID Lyon;VENTISERI (2B) - BA126 - Création d'un bloc sanitaire au camp de toile;https://www.boamp.fr/pages/avis/?q=idweb:18-8566
2017-12-13;17-174840;DRSID Lyon;AJACCIO (2A) - Base navale d'Aspretto - Aménagement de nouveaux locaux pour le détachement SIC d'Ajaccio;https://www.boamp.fr/pages/avis/?q=idweb:17-174840
2017-12-08;17-172882;DRSID Lyon;VENTISERI (2B) - BA 126 - Mise aux normes du stand de tir ouvert à 25 m;https://www.boamp.fr/pages/avis/?q=idweb:17-172882
2017-11-03;17-155794;DRSID Lyon;VENTISERI (2B) - Rénovation des toitures et isolation des combles de certains bâtiments;https://www.boamp.fr/pages/avis/?q=idweb:17-155794
2017-10-30;17-151480;MINDEF / EMA / DC SCA / PFAF SE;prestations de contrôle d'accès de la base navale d'aspretto (corse);https://www.boamp.fr/pages/avis/?q=idweb:17-151480
2017-08-12;17-115072;DRSID Lyon;Ventiseri (2b) - ba 126 - construction du fossé simonpoli et aménagement nouvelle entrée base;https://www.boamp.fr/pages/avis/?q=idweb:17-115072
2017-07-11;17-99177;DRSID Lyon;AJACCIO (2A) - Base navale d'Aspretto - Aménagement de nouveaux locaux pour le détachement SIC d'Ajaccio;https://www.boamp.fr/pages/avis/?q=idweb:17-99177
2017-07-11;17-99123;DRSID Lyon;VENTISERI (2B) - Base de Solenzara - BA 126 - Rénovation des réseaux EU/EP;https://www.boamp.fr/pages/avis/?q=idweb:17-99123
2017-06-15;17-84230;DRSID Lyon;VENTISERI (2B) - BA 126 - Mise aux normes du stand de tir ouvert à 25 m;https://www.boamp.fr/pages/avis/?q=idweb:17-84230
2017-05-07;17-63197;MINDEF / EMA / DC SCA / PFAF SE;Prestations d'entretien des espaces verts, au profit de divers établissements et formations soutenus par les GSBdD de Nimes -Orange -Laudun,Carcassonne, Calvi et Ventiseri-Solenzara.( 6 lots);https://www.boamp.fr/pages/avis/?q=idweb:17-63197
2017-03-21;17-39082;MINT/DGGN/GENDARMERIE/RGCOR;AJACCIO (2A) - CASERNE ASPRETTO - BÂTIMENTS 009 - 010 - 012 - REMPLACEMENT DE CHAUDIÈRES COLLECTIVES;https://www.boamp.fr/pages/avis/?q=idweb:17-39082
2017-03-13;17-34466;DRSID Lyon;PHASE CANDIDATURE : VENTISERI (2B) - VA 126 - Fiabilisation de l'alimentation et du secours électriques de la base;https://www.boamp.fr/pages/avis/?q=idweb:17-34466
2017-02-28;17-28743;DRSID Lyon;Travaux de remise en condition de certaines clôtures et création d'un chemin de ronde sur la BA 126 à VENTISERI (2B);https://www.boamp.fr/pages/avis/?q=idweb:17-28743
2017-02-06;17-17393;DRSID Lyon;VENTISERI (2B) - BA126 - Remise à hauteur des installations du poste d'amarrage SEA;https://www.boamp.fr/pages/avis/?q=idweb:17-17393
2017-01-24;17-10978;DRSID Lyon;Ventiseri (2B) - BA 126 - Remplacement du réseau d'alarmes et de vidéo surveillance de la BA 126;https://www.boamp.fr/pages/avis/?q=idweb:17-10978
2017-01-24;17-10966;DRSID Lyon;Ajaccio (2A) Base navale d'Aspretto - Réhabilitation du bâtiment 017 - Réalisation d'une clôture - Réinstallation de la SNSM;https://www.boamp.fr/pages/avis/?q=idweb:17-10966
2016-11-07;16-160865;Hopitaux Drôme Nord;amélioration Sécurité Incendie EHPAD Jardins de Diane St Vallier - nouveau DCE disponible le 14.11.2016. Remise offres reportée au 2.12.2016 à 12h00. Visite obligatoire complémentaire 16.11.2016 14h00;https://www.boamp.fr/pages/avis/?q=idweb:16-160865
2016-09-12;16-132956;DRSID Lyon;VENTISERI (2B) - BA126 - Remise à hauteur des installations du poste d'amarrage SEA;https://www.boamp.fr/pages/avis/?q=idweb:16-132956
2016-08-22;16-123452;DRSID Lyon;Base navale d'Aspretto - Réhabilitation du bâtiment 017 - Réalisation d'une clôture - Réinstallation de la SNSM à Ajaccio;https://www.boamp.fr/pages/avis/?q=idweb:16-123452
2016-06-29;16-96459;MIOMCT/DGGN/GENDARMERIE/RGCOR;Aménagement d'une partie des sanitaires du bâtiment 009 de la caserne ASPRETTO à Ajaccio (2A).;https://www.boamp.fr/pages/avis/?q=idweb:16-96459
2016-06-22;16-91507;DRSID Lyon;CALVI (2B) 2e REP- Création d'un Parcours Elémentaire Réduit pour les Franchissements et l'Organisation des Reconnaissances en zone urbaine (PERFOR);https://www.boamp.fr/pages/avis/?q=idweb:16-91507
2016-06-17;16-89774;DRSID Lyon;Remplacement du réseau d'alarmes et de vidéo surveillance de la BA 126 à Ventiseri;https://www.boamp.fr/pages/avis/?q=idweb:16-89774
2016-06-01;16-79945;DRSID Lyon;VENTISERI (2B) BA126 Mise en place d'une main courante autour du terrain de sport;https://www.boamp.fr/pages/avis/?q=idweb:16-79945
2016-03-16;16-36929;Min.Défense-DCSID-SNIA;réhabilitation et extension du centre militaire de contrôle de la base aérienne 126 à solenzara _ lot no6 : courants forts et courants faibles à Paris;https://www.boamp.fr/pages/avis/?q=idweb:16-36929
2016-03-15;16-36218;Min.Défense-DCSID-SNIA;réhabilitation et extension du centre militaire de contrôle de la base aérienne 126 dans le cadre d'une opération cla 2000 - base aérienne 126 à Solenzara (Haute-Corse);https://www.boamp.fr/pages/avis/?q=idweb:16-36218
2016-03-03;16-30520;DRSID Lyon;Maintenance préventive et corrective des 15 postes ht de la ba126 pour l'ensemble des installations implantées sur la base de défense de Ventiseri-Solenzara;https://www.boamp.fr/pages/avis/?q=idweb:16-30520
2016-02-29;16-28323;DRSID Lyon;emprises soutenues par l'unité de soutien de l'infrastructure de la défense (usid) de corse - base de défense à Ventiseri-Solenzara;https://www.boamp.fr/pages/avis/?q=idweb:16-28323
2016-02-19;16-24988;DIRISI;Prestation de traitement de cuves à gazole de la base aérienne d'Orange-Caritat, de Ventiseri-Solenzara et du site de la Boissière;https://www.boamp.fr/pages/avis/?q=idweb:16-24988
2016-02-18;16-24039;DRSID Lyon;création d'un parcours élémentaire réduit pour les franchissements et l'organisation des reconnaissances en zone urbaine (perfor), à Calvi (2b) 2e REP;https://www.boamp.fr/pages/avis/?q=idweb:16-24039
2016-01-14;16-6042;DRSID Lyon;Installations maritimes et pétrolières de la BA 126, entretien des postes d'amarrage DEA boulevard de Ventiseri-Solenzara à Ventiseri;https://www.boamp.fr/pages/avis/?q=idweb:16-6042
2015-12-16;15-188138;DRSID Lyon;casernement raffalli - 2ème rep construction d'un bâtiment modulaire 'unité élémentaire' à Calvi;https://www.boamp.fr/pages/avis/?q=idweb:15-188138
2015-11-09;15-169618;DRSID Lyon;maintenance des installations d'eaux pluviales et d'assainissement pour l'ensemble des installations implantées sur la base de défense de Ventiseri-Solenzara;https://www.boamp.fr/pages/avis/?q=idweb:15-169618
2015-10-28;15-164938;DIRISI;Prestation de traitement des cuves à gazole de la base aérienne d'Orange-Caritat, de Ventiseri-Solenzara et du site de la Boissière;https://www.boamp.fr/pages/avis/?q=idweb:15-164938
2015-10-05;15-151661;MINDEF / EMA / DC SCA / PFAF SE;prestations de restauration au profit du personnel travaillant sur le site de diane, rattaché à la base de défense de ventiseri-solenzara à Linguizzetta (rectificatif);https://www.boamp.fr/pages/avis/?q=idweb:15-151661
2015-09-17;15-142205;SNA-SE;"fourniture de fioul domestique dans les cuves en faveur de :- l'OCAF à l'aéroport d'ajaccio;- de la maintenance régionale d'ajaccio (mra) au col d'aspretto (corse) à Ajaccio.";https://www.boamp.fr/pages/avis/?q=idweb:15-142205
2015-09-14;15-140101;DRSID Lyon;BdD de Ventiseri-Solenzara, installations maritimes et pétrolières de la BA 126, entretien des postes d'amarrage DEA, à Ventiseri;https://www.boamp.fr/pages/avis/?q=idweb:15-140101
2015-08-26;15-131590;MINDEF / EMA / DC SCA / PFAF SE;prestations de restauration au profit du personnel travaillant sur le site de diane, rattaché à la base de défense de ventiseri-solenzara à Linguizzetta;https://www.boamp.fr/pages/avis/?q=idweb:15-131590
2015-08-25;15-131093;DRSID Lyon;installations maritimes et pétrolières de la BA 126, entretien des postes d'amarrage DEA, BdD de Ventiseri-Solenzara, à Ventiseri;https://www.boamp.fr/pages/avis/?q=idweb:15-131093
2015-08-14;15-126514;DRSID Lyon;rénovation des réseaux de chauffage à Ventiseri - Solenzara;https://www.boamp.fr/pages/avis/?q=idweb:15-126514
2015-07-03;15-102014;SGAP de Marseille;fourniture, installation et mise en service de matériel de cuisson pour le cantonnement CRS d'Aspretto d'Ajaccio et pour la compagnie républicaine de sécurité d'Ollioules;https://www.boamp.fr/pages/avis/?q=idweb:15-102014
2015-06-24;15-96529;DRSID Lyon;construction d'un hangar pour les véhicules de l'ESIS à Ventiseri - Solenzara;https://www.boamp.fr/pages/avis/?q=idweb:15-96529
2015-06-18;15-92813;DRSID Lyon;installations maritimes et pétrolières de la BA 126, entretien des postes d'amarrage DEA, BdD de Ventiseri-Solenzara, à Ventiseri;https://www.boamp.fr/pages/avis/?q=idweb:15-92813
2015-05-27;15-79499;DRSID Lyon;Travaux d'extension du plot no 4, bdd de Ventiseri-Solenzara - Haute Corse - parking de l'escadron d'hélicoptères 01.044, à Ventiseri;https://www.boamp.fr/pages/avis/?q=idweb:15-79499
2015-05-05;15-68735;MINDEF / EMA / DC SCA / PFAF SE;Fourniture de prestations de restauration de qualité 'traiteur' au profit du site de Casella rattaché au Groupement de Soutien de la Base de Défense de Ventiseri-Solenzara;https://www.boamp.fr/pages/avis/?q=idweb:15-68735
