id_camino,nom,communes,substances,statut,surface_ha,date_concession,exploitant_historique,valorisation_eur,valeur_str,notes
2A-EVISA-1975,Forêt d'Aïtone / Évisa,"Évisa, Cristinacce","Terres Rares (Yttrium, Niobium, Dysprosium)",Concession d'État / Réserve régalienne,850,1975 (BRGM / Décret),État / CEA / BRGM,2100000000,"2,10 Milliards €","Teneurs exceptionnelles en Yttrium (2,5 kg/t) et Niobium. Métaux critiques défense."
2B-ARGENTELLA-1856,L'Argentella,"Galéria, Calenzana","Argent métal pur, Plomb argentifère, Cuivre, Zinc",Concession d'État échue / Friche,1420,1856 (Décret impérial),Compagnie des Mines de l'Argentella,654000000,654 Millions €,Filons argentifères majeurs du Fango. Galeries sous-marines et usine côtière.
2B-MATRA-1912,Matra / Moïta,"Matra, Moïta, Chiatra","Antimoine, Arsenic (Réalgar, Auripigment), Or",Concession orpheline / Contamination active,780,1912 (Décret Présidentiel),Mines de la Lucette / Peñarroya,250000000,250 Millions €,Source du ruisseau de la Presa (4 000 µg/L As). Passif sanitaire mortifère.
2B-MERIA-1858,Meria (Cap Corse),"Meria, Tomino","Antimoine massif (Stibine), Argent",Concession libérée Art. L.163-1 / Friche,860,1858 (Napoléon III),Société Nouvelle des Mines de la Lucette (ICADE),160000000,160 Millions €,Stibine de haute pureté militaire. Cédée par ICADE sans assainissement.
2B-LURI-1863,Luri / Castello,Luri,"Antimoine, Stibine aciculaire",Concession libérée Art. L.163-1 / Friche,740,1863,Société Nouvelle des Mines de la Lucette (ICADE),135000000,135 Millions €,Filons du Castello. Captation des dividendes historiques CDC/ICADE.
2B-ERSA-1891,Ersa / Centuri,"Ersa, Centuri","Antimoine, Stibine, Cuivre",Concession libérée / Friche,540,1891,Mines de la Lucette (ICADE),80000000,80 Millions €,Extrémité nord du Cap Corse. Stériles acides sur les versants maritimes.
2B-MONTICELLO-1865,Monticello / Regino,"Monticello, Speloncato, Occhiatana","Cuivre, Fluorine industrielle, Baryte",Concession échue / Réserve,1100,1865,Compagnie Minière de Balagne,120000000,120 Millions €,Gisement filonien cupro-fluoré de la vallée du Regino.
2A-MARIGNANA-1904,Marignana / Capu Pullelu,"Marignana, Ota",Fer hématite massif (62 % Fe),Concession d'État / Échue,620,1904,Société des Mines de Fer de Porto,88000000,88 Millions €,Lentilles d'hématite pure au-dessus des gorges de Spelunca.
2B-CANARI-1926,Canari (Usine Amiante),"Canari, Nonza, Ogliastro",Amiante chrysotile,Friche d'État / 13 Mt stériles toxiques,837,1926 / Fermeture 1965,Eternit / Société Minière de l'Amiante,0,Passif toxique non traité,Plus grande usine d'amiante de France. 13 Mt de résidus déversés en mer.
2B-PIEDICORTE-1882,Piedicorte-di-Gaggio,"Piedicorte-di-Gaggio, Zuani","Cuivre, Chalcopyrite, Pyrite",Concession échue,220,1882,Compagnie Minière de Corse Centrale,0,Inclus filons de cuivre,Filons de cuivre et chalcopyrite du Bozio.
2B-VEZZANI-1897,Vezzani,"Vezzani, Rospigliani","Cuivre, Pyrite aurifère",Concession échue,180,1897,Société des Mines de Vezzani,0,Inclus filons de cuivre,Galeries historiques de cuivre en Haute-Corse.
2B-CASTIFAPO-1878,Castifao / Moltifao,"Castifao, Moltifao","Cuivre, Plomb argentifère",Concession échue,150,1878,Syndicat Minier du Golo,0,Inclus filons de cuivre,Minéralisations associées aux schistes lustrés.
2A-BASTELICA-1885,Bastelica / Prunelli,Bastelica,"Plomb, Zinc, Argent",Concession échue,140,1885,Mines du Prunelli,0,Inclus filons polymétalliques,Indices argentifères de la haute vallée du Prunelli.
2A-FRASSETTO-1901,Frassetto / Campo,"Frassetto, Quasquara","Fer, Manganèse",Concession échue,110,1901,Société Métallurgique Corse,0,Inclus gisements de fer,Oxydes de manganèse pour la métallurgie.
2B-MOROSAGLIA-1889,Morosaglia / Ponte-Leccia,Morosaglia,"Cuivre, Antimoine",Concession échue,100,1889,Mines de Ponte-Leccia,0,Inclus filons de cuivre,Carrefour minier de la vallée du Golo.
2A-OSANI-1889,Osani / Curzo,Osani,"Houille, Anthracite",Concession échue (f-cx-osani-1889),90,1889 (Décret présidentiel),Société des Houillères d'Osani,0,Gisement houiller,Bassin houiller sédimentaire côtier de la baie de Girolata.
2B-SOLARO-1910,Solaro / Travo,"Solaro, Chisa","Cuivre, Plomb",Concession échue,50,1910,Mines de la Côte Orientale,0,Inclus filons de montagne,Galeries de montagne dominant la plaine de Solenzara.
2A-ZICAVO-1908,Zicavo / Coscione,Zicavo,"Plomb, Zinc, Argent",Concession échue,30,1908,Syndicat Minier du Taravo,0,Inclus indices argent,Filons polymétalliques des contreforts du Coscione.
