code_station,libelle_station,date_prelevement,code_parametre,nom_parametre,resultat,code_unite,symbole_unite,code_remarque
06221910,PRESA A MATRA ,2005-07-05,1302,,8.2,264,unité pH,1
06221910,PRESA A MATRA ,2005-07-05,1301,,19.9,27,°C,1
06221910,PRESA A MATRA ,2005-07-05,1305,,2.0,162,mg/L,10
06221910,PRESA A MATRA ,2005-07-05,1319,,1.0,168,mg(N)/L,10
06221910,PRESA A MATRA ,2005-07-05,1303,,339.0,147,µS/cm,1
06221910,PRESA A MATRA ,2005-07-05,1436,,0.2,133,µg/L,1
06221910,PRESA A MATRA ,2005-07-05,1312,,92.0,243,%,1
06221910,PRESA A MATRA ,2005-07-05,1339,,0.05,171,mg(NO2)/L,10
06221910,PRESA A MATRA ,2005-07-05,1335,,0.05,169,mg(NH4)/L,10
06221910,PRESA A MATRA ,2005-07-05,1311,,8.4,175,mg(O2)/L,1
06221910,PRESA A MATRA ,2005-07-05,1350,,0.2,177,mg(P)/L,10
06221910,PRESA A MATRA ,2005-07-05,1841,,0.5,163,mg(C)/L,10
06221910,PRESA A MATRA ,2005-07-05,1439,,0.2,133,µg/L,1
06221910,PRESA A MATRA ,2005-07-05,1313,,1.0,175,mg(O2)/L,10
06221910,PRESA A MATRA ,2005-07-05,1433,,0.2,176,mg(PO4)/L,10
06221910,PRESA A MATRA ,2005-07-05,1340,,2.0,173,mg(NO3)/L,10
06221910,PRESA A MATRA ,2005-08-01,1335,,0.05,169,mg(NH4)/L,10
06221910,PRESA A MATRA ,2005-08-01,1436,,0.2,133,µg/L,1
06221910,PRESA A MATRA ,2005-08-01,1312,,41.0,243,%,1
06221910,PRESA A MATRA ,2005-08-01,1367,,0.29,316,mg(K)/L,1
06221910,PRESA A MATRA ,2005-08-01,1841,,0.9,163,mg(C)/L,1
06221910,PRESA A MATRA ,2005-08-01,1327,,166.0,274,mg(HCO3)/L,1
06221910,PRESA A MATRA ,2005-08-01,1374,,39.5,292,mg(Ca)/L,1
06221910,PRESA A MATRA ,2005-08-01,1305,,2.0,162,mg/L,10
06221910,PRESA A MATRA ,2005-08-01,1350,,0.2,177,mg(P)/L,10
06221910,PRESA A MATRA ,2005-08-01,1433,,0.2,176,mg(PO4)/L,10
06221910,PRESA A MATRA ,2005-08-01,1303,,344.0,147,µS/cm,1
06221910,PRESA A MATRA ,2005-08-01,1301,,18.8,27,°C,1
06221910,PRESA A MATRA ,2005-08-01,1337,,9.0,164,mg(Cl)/L,1
06221910,PRESA A MATRA ,2005-08-01,1375,,5.5,326,mg(Na)/L,1
06221910,PRESA A MATRA ,2005-08-01,1439,,22.1,133,µg/L,1
06221910,PRESA A MATRA ,2005-08-01,1347,,13.8,28,°f,1
06221910,PRESA A MATRA ,2005-08-01,1372,,10.1,320,mg(Mg)/L,1
06221910,PRESA A MATRA ,2005-08-01,1313,,1.0,175,mg(O2)/L,10
06221910,PRESA A MATRA ,2005-08-01,1302,,8.1,264,unité pH,1
06221910,PRESA A MATRA ,2005-08-01,1339,,0.05,171,mg(NO2)/L,10
06221910,PRESA A MATRA ,2005-08-01,1319,,1.0,168,mg(N)/L,10
06221910,PRESA A MATRA ,2005-08-01,1345,,14.0,28,°f,1
06221910,PRESA A MATRA ,2005-08-01,1340,,2.0,173,mg(NO3)/L,10
06221910,PRESA A MATRA ,2005-08-01,1311,,3.8,175,mg(O2)/L,1
06221910,PRESA A MATRA ,2005-08-01,1338,,22.0,179,mg(SO4)/L,1
06221910,PRESA A MATRA ,2005-08-30,1439,,0.1,133,µg/L,1
06221910,PRESA A MATRA ,2005-08-30,1433,,0.2,176,mg(PO4)/L,10
06221910,PRESA A MATRA ,2005-08-30,1436,,0.2,133,µg/L,1
06221910,PRESA A MATRA ,2005-08-30,1313,,1.0,175,mg(O2)/L,10
06221910,PRESA A MATRA ,2005-08-30,1319,,1.0,168,mg(N)/L,10
06221910,PRESA A MATRA ,2005-08-30,1340,,2.0,173,mg(NO3)/L,10
06221910,PRESA A MATRA ,2005-08-30,1841,,2.8,163,mg(C)/L,1
06221910,PRESA A MATRA ,2005-08-30,1301,,20.4,27,°C,1
06221910,PRESA A MATRA ,2005-08-30,1312,,96.0,243,%,1
06221910,PRESA A MATRA ,2005-08-30,1311,,8.6,175,mg(O2)/L,1
06221910,PRESA A MATRA ,2005-08-30,1303,,340.0,147,µS/cm,1
06221910,PRESA A MATRA ,2005-08-30,1335,,0.05,169,mg(NH4)/L,10
06221910,PRESA A MATRA ,2005-08-30,1305,,2.0,162,mg/L,10
06221910,PRESA A MATRA ,2005-08-30,1302,,8.2,264,unité pH,1
06221910,PRESA A MATRA ,2005-08-30,1339,,0.03,171,mg(NO2)/L,1
06221910,PRESA A MATRA ,2005-08-30,1350,,0.2,177,mg(P)/L,10
06221910,PRESA A MATRA ,2005-10-05,1433,,0.2,176,mg(PO4)/L,10
06221910,PRESA A MATRA ,2005-10-05,1303,,338.0,147,µS/cm,1
06221910,PRESA A MATRA ,2005-10-05,1327,,164.0,274,mg(HCO3)/L,1
06221910,PRESA A MATRA ,2005-10-05,1841,,0.6,163,mg(C)/L,1
06221910,PRESA A MATRA ,2005-10-05,1312,,76.0,243,%,1
06221910,PRESA A MATRA ,2005-10-05,1375,,5.8,326,mg(Na)/L,1
06221910,PRESA A MATRA ,2005-10-05,1338,,24.0,179,mg(SO4)/L,1
06221910,PRESA A MATRA ,2005-10-05,1372,,12.0,320,mg(Mg)/L,1
06221910,PRESA A MATRA ,2005-10-05,1339,,0.05,171,mg(NO2)/L,10
06221910,PRESA A MATRA ,2005-10-05,1302,,8.3,264,unité pH,1
06221910,PRESA A MATRA ,2005-10-05,1319,,1.0,168,mg(N)/L,10
06221910,PRESA A MATRA ,2005-10-05,1367,,0.38,316,mg(K)/L,1
06221910,PRESA A MATRA ,2005-10-05,1301,,14.3,27,°C,1
06221910,PRESA A MATRA ,2005-10-05,1345,,16.6,28,°f,1
06221910,PRESA A MATRA ,2005-10-05,1337,,8.0,164,mg(Cl)/L,1
06221910,PRESA A MATRA ,2005-10-05,1313,,1.0,175,mg(O2)/L,10
06221910,PRESA A MATRA ,2005-10-05,1305,,3.0,162,mg/L,1
06221910,PRESA A MATRA ,2005-10-05,1436,,0.2,133,µg/L,1
06221910,PRESA A MATRA ,2005-10-05,1340,,2.0,173,mg(NO3)/L,10
06221910,PRESA A MATRA ,2005-10-05,1374,,46.7,292,mg(Ca)/L,1
06221910,PRESA A MATRA ,2005-10-05,1439,,0.1,133,µg/L,1
06221910,PRESA A MATRA ,2005-10-05,1350,,0.2,177,mg(P)/L,10
06221910,PRESA A MATRA ,2005-10-05,1347,,13.7,28,°f,1
06221910,PRESA A MATRA ,2005-10-05,1311,,7.8,175,mg(O2)/L,1
06221910,PRESA A MATRA ,2005-10-05,1335,,0.05,169,mg(NH4)/L,10
06221910,PRESA A MATRA ,2005-12-16,1305,,2.0,162,mg/L,10
06221910,PRESA A MATRA ,2005-12-16,1433,,0.2,176,mg(PO4)/L,10
06221910,PRESA A MATRA ,2005-12-16,1350,,0.2,177,mg(P)/L,10
06221910,PRESA A MATRA ,2005-12-16,1335,,0.05,169,mg(NH4)/L,10
06221910,PRESA A MATRA ,2005-12-16,1313,,1.0,175,mg(O2)/L,1
06221910,PRESA A MATRA ,2005-12-16,1339,,0.05,171,mg(NO2)/L,10
06221910,PRESA A MATRA ,2005-12-16,1312,,93.0,243,%,1
06221910,PRESA A MATRA ,2005-12-16,1303,,296.0,147,µS/cm,1
06221910,PRESA A MATRA ,2005-12-16,1841,,0.5,163,mg(C)/L,10
06221910,PRESA A MATRA ,2005-12-16,1311,,11.7,175,mg(O2)/L,1
06221910,PRESA A MATRA ,2005-12-16,1340,,2.0,173,mg(NO3)/L,10
06221910,PRESA A MATRA ,2005-12-16,1301,,5.3,27,°C,1
06221910,PRESA A MATRA ,2005-12-16,1302,,8.3,264,unité pH,1
06221910,PRESA A MATRA ,2005-12-16,1319,,1.0,168,mg(N)/L,10
